FID,OBJECTID,REGION,REG_CUT,NOMBRE,CODIGO,SECTOR_AFE,DESCRIPCION,INSTITUCION,SEGUIMIENTO,COMUNA,COM_CUT,PROVINCIA,PRO_CUT,PERIMETRO,SUPERFICIE
1,50,ATACAMA,03,Área propuesta evacuación,AE-ATACAMA-11,TIERRA AMARILLA - NANTOCO,"Fotointerpretación con control de terreno de imágenes SAF 20150327-20150326, georef. Sngm. Imágenes Worlview (IGM), imágenes Rapideye 20150327 y 20141012, NDWI Sngm. Google Earth y Cartografía Geológica de Sernageomin",Servicio Nacional de Geología y Minería,SIN INFORMACION,TIERRA AMARILLA,03103,COPIAPO,031,1382.96206081,54044.1787109
2,51,ATACAMA,03,Área propuesta evacuación,AE-ATACAMA-12,TIERRA AMARILLA - NANTOCO,"Fotointerpretación con control de terreno de imágenes SAF 20150327-20150326, georef. Sngm. Imágenes Worlview (IGM), imágenes Rapideye 20150327 y 20141012, NDWI Sngm. Google Earth y Cartografía Geológica de Sernageomin",Servicio Nacional de Geología y Minería,SIN INFORMACION,TIERRA AMARILLA,03103,COPIAPO,031,1656.88726426,82126.3190918
3,52,ATACAMA,03,Área propuesta evacuación,AE-ATACAMA-13,TIERRA AMARILLA - NANTOCO,"Fotointerpretación con control de terreno de imágenes SAF 20150327-20150326, georef. Sngm. Imágenes Worlview (IGM), imágenes Rapideye 20150327 y 20141012, NDWI Sngm. Google Earth y Cartografía Geológica de Sernageomin",Servicio Nacional de Geología y Minería,SIN INFORMACION,TIERRA AMARILLA,03103,COPIAPO,031,956.428901256,63102.5754395
4,56,ATACAMA,03,Área propuesta acopio,AA-ATACAMA-20,TIERRA AMARILLA - NANTOCO,"Fotointerpretación con control de terreno de imágenes SAF 20150327-20150326, georef. Sngm. Imágenes Worlview (IGM), imágenes Rapideye 20150327 y 20141012, NDWI Sngm. Google Earth y Cartografía Geológica de Sernageomin",Servicio Nacional de Geología y Minería,SIN INFORMACION,TIERRA AMARILLA,03103,COPIAPO,031,594.941977182,17558.0234375
5,62,ATACAMA,03,Área propuesta acopio,AA-ATACAMA-23,TIERRA AMARILLA - NANTOCO,"Fotointerpretación con control de terreno de imágenes SAF 20150327-20150326, georef. Sngm. Imágenes Worlview (IGM), imágenes Rapideye 20150327 y 20141012, NDWI Sngm. Google Earth y Cartografía Geológica de Sernageomin",Servicio Nacional de Geología y Minería,SIN INFORMACION,TIERRA AMARILLA,03103,COPIAPO,031,498.796828855,15590.3552246
6,64,ATACAMA,03,Área propuesta acopio,AA-ATACAMA-24,TIERRA AMARILLA - NANTOCO,"Fotointerpretación con control de terreno de imágenes SAF 20150327-20150326, georef. Sngm. Imágenes Worlview (IGM), imágenes Rapideye 20150327 y 20141012, NDWI Sngm. Google Earth y Cartografía Geológica de Sernageomin",Servicio Nacional de Geología y Minería,SIN INFORMACION,TIERRA AMARILLA,03103,COPIAPO,031,486.553540564,12482.440918
7,65,ATACAMA,03,Área propuesta acopio,AA-ATACAMA-25,TIERRA AMARILLA - NANTOCO,"Fotointerpretación con control de terreno de imágenes SAF 20150327-20150326, georef. Sngm. Imágenes Worlview (IGM), imágenes Rapideye 20150327 y 20141012, NDWI Sngm. Google Earth y Cartografía Geológica de Sernageomin",Servicio Nacional de Geología y Minería,SIN INFORMACION,TIERRA AMARILLA,03103,COPIAPO,031,468.055936452,13284.3688965
8,76,ATACAMA,03,Área afectada,AF-ATACAMA-08,LLANTA,"Fotointerpretación (Imágenes Mosaico SAF 20150328, georeferenciada Sernageomin) del área afectada por inundación y aluvión en la localidad de Llanta",Servicio Nacional de Geología y Minería,NO OPERATIVO,DIEGO DE ALMAGRO,03202,CHAÑARAL,032,9166.50593065,1013438.31909
9,77,ATACAMA,03,Área propuesta evacuación,AE-ATACAMA-08,LLANTA,"Áreas propuestas de carácter preliminar y que requieren control de terreno. Fotointerpretación imágenes Mosaico SAF 20150328, georeferenciada Sernageomin del área afectada por inundación y aluvión en la localidad de Llanta",Servicio Nacional de Geología y Minería,SIN INFORMACION,DIEGO DE ALMAGRO,03202,CHAÑARAL,032,471.08929628,7080.05249023
10,78,ATACAMA,03,Área propuesta evacuación,AE-ATACAMA-09,LLANTA,"Áreas propuestas de carácter preliminar y que requieren control de terreno. Fotointerpretación imágenes Mosaico SAF 20150328, georeferenciada Sernageomin del área afectada por inundación y aluvión en la localidad de Llanta",Servicio Nacional de Geología y Minería,SIN INFORMACION,DIEGO DE ALMAGRO,03202,CHAÑARAL,032,156.165547334,1446.5390625
11,91,ATACAMA,03,Área afectada,AF-ATACAMA-07,TIERRA AMARILLA - NANTOCO,"Fotointerpretación con control de terreno de imágenes SAF 20150327-20150326, georef. Sngm. Imágenes Worlview (IGM), imágenes Rapideye 20150327 y 20141012, NDWI Sngm. Google Earth y Cartografía Geológica de Sernageomin",Servicio Nacional de Geología y Minería,NO OPERATIVO,TIERRA AMARILLA,03103,COPIAPO,031,129124.1606,10925793.0881
12,92,ATACAMA,03,Área propuesta acopio,AA-ATACAMA-22,TIERRA AMARILLA - NANTOCO,"Fotointerpretación con control de terreno de imágenes SAF 20150327-20150326, georef. Sngm. Imágenes Worlview (IGM), imágenes Rapideye 20150327 y 20141012, NDWI Sngm. Google Earth y Cartografía Geológica de Sernageomin",Servicio Nacional de Geología y Minería,SIN INFORMACION,TIERRA AMARILLA,03103,COPIAPO,031,431.30807477,8098.41772461
13,93,ATACAMA,03,Área propuesta acopio,AA-ATACAMA-21,TIERRA AMARILLA - NANTOCO,"Fotointerpretación con control de terreno de imágenes SAF 20150327-20150326, georef. Sngm. Imágenes Worlview (IGM), imágenes Rapideye 20150327 y 20141012, NDWI Sngm. Google Earth y Cartografía Geológica de Sernageomin",Servicio Nacional de Geología y Minería,SIN INFORMACION,TIERRA AMARILLA,03103,COPIAPO,031,465.560058061,9153.63696289
14,94,ATACAMA,03,Área propuesta acopio,AA-ATACAMA-26,TIERRA AMARILLA - NANTOCO,"Fotointerpretación con control de terreno de imágenes SAF 20150327-20150326, georef. Sngm. Imágenes Worlview (IGM), imágenes Rapideye 20150327 y 20141012, NDWI Sngm. Google Earth y Cartografía Geológica de Sernageomin",Servicio Nacional de Geología y Minería,SIN INFORMACION,TIERRA AMARILLA,03103,COPIAPO,031,338.274613272,5320.89526367
15,95,ATACAMA,03,Área propuesta campamento,AC-ATACAMA-07,TIERRA AMARILLA - NANTOCO,"Fotointerpretación con control de terreno de imágenes SAF 20150327-20150326, georef. Sngm. Imágenes Worlview (IGM), imágenes Rapideye 20150327 y 20141012, NDWI Sngm. Google Earth y Cartografía Geológica de Sernageomin",Servicio Nacional de Geología y Minería,SIN INFORMACION,TIERRA AMARILLA,03103,COPIAPO,031,1583.27657146,55742.5163574
16,100,ATACAMA,03,Área propuesta evacuación,AE-ATACAMA-14,TIERRA AMARILLA - NANTOCO,"Fotointerpretación con control de terreno de imágenes SAF 20150327-20150326, georef. Sngm. Imágenes Worlview (IGM), imágenes Rapideye 20150327 y 20141012, NDWI Sngm. Google Earth y Cartografía Geológica de Sernageomin",Servicio Nacional de Geología y Minería,SIN INFORMACION,TIERRA AMARILLA,03103,COPIAPO,031,146.948992397,1112.65551758
17,101,ATACAMA,03,Área propuesta evacuación,AE-ATACAMA-16,TIERRA AMARILLA - NANTOCO,"Fotointerpretación con control de terreno de imágenes SAF 20150327-20150326, georef. Sngm. Imágenes Worlview (IGM), imágenes Rapideye 20150327 y 20141012, NDWI Sngm. Google Earth y Cartografía Geológica de Sernageomin",Servicio Nacional de Geología y Minería,SIN INFORMACION,TIERRA AMARILLA,03103,COPIAPO,031,107.153242334,696.602783203
18,106,ATACAMA,03,Área propuesta evacuación,AE-ATACAMA-15,TIERRA AMARILLA - NANTOCO,"Fotointerpretación con control de terreno de imágenes SAF 20150327-20150326, georef. Sngm. Imágenes Worlview (IGM), imágenes Rapideye 20150327 y 20141012, NDWI Sngm. Google Earth y Cartografía Geológica de Sernageomin",Servicio Nacional de Geología y Minería,SIN INFORMACION,TIERRA AMARILLA,03103,COPIAPO,031,1349.4152747,44863.3198242
19,109,ATACAMA,03,Área propuesta evacuación,AE-ATACAMA-17,TIERRA AMARILLA - NANTOCO,"Fotointerpretación con control de terreno de imágenes SAF 20150327-20150326, georef. Sngm. Imágenes Worlview (IGM), imágenes Rapideye 20150327 y 20141012, NDWI Sngm. Google Earth y Cartografía Geológica de Sernageomin",Servicio Nacional de Geología y Minería,SIN INFORMACION,TIERRA AMARILLA,03103,COPIAPO,031,702.376422464,17800.829834
20,111,ATACAMA,03,Área propuesta campamento,AC-ATACAMA-06,TIERRA AMARILLA - NANTOCO,"Fotointerpretación con control de terreno de imágenes SAF 20150327-20150326, georef. Sngm. Imágenes Worlview (IGM), imágenes Rapideye 20150327 y 20141012, NDWI Sngm. Google Earth y Cartografía Geológica de Sernageomin",Servicio Nacional de Geología y Minería,SIN INFORMACION,TIERRA AMARILLA,03103,COPIAPO,031,1438.23652642,110740.296387
21,115,ATACAMA,03,Área propuesta evacuación,AE-ATACAMA-18,TIERRA AMARILLA - NANTOCO,"Fotointerpretación con control de terreno de imágenes SAF 20150327-20150326, georef. Sngm. Imágenes Worlview (IGM), imágenes Rapideye 20150327 y 20141012, NDWI Sngm. Google Earth y Cartografía Geológica de Sernageomin",Servicio Nacional de Geología y Minería,SIN INFORMACION,TIERRA AMARILLA,03103,COPIAPO,031,1416.4573042,83483.6062012
22,118,ATACAMA,03,Área propuesta evacuación,AE-ATACAMA-19,TIERRA AMARILLA - NANTOCO,"Fotointerpretación con control de terreno de imágenes SAF 20150327-20150326, georef. Sngm. Imágenes Worlview (IGM), imágenes Rapideye 20150327 y 20141012, NDWI Sngm. Google Earth y Cartografía Geológica de Sernageomin",Servicio Nacional de Geología y Minería,SIN INFORMACION,TIERRA AMARILLA,03103,COPIAPO,031,1660.91568673,116394.917725
23,121,ATACAMA,03,Área propuesta evacuación,AE-ATACAMA-20,TIERRA AMARILLA - NANTOCO,"Fotointerpretación con control de terreno de imágenes SAF 20150327-20150326, georef. Sngm. Imágenes Worlview (IGM), imágenes Rapideye 20150327 y 20141012, NDWI Sngm. Google Earth y Cartografía Geológica de Sernageomin",Servicio Nacional de Geología y Minería,SIN INFORMACION,TIERRA AMARILLA,03103,COPIAPO,031,1107.66973951,84246.1796875
24,123,ATACAMA,03,Área propuesta evacuación,AE-ATACAMA-10,TIERRA AMARILLA - NANTOCO,"Fotointerpretación con control de terreno de imágenes SAF 20150327-20150326, georef. Sngm. Imágenes Worlview (IGM), imágenes Rapideye 20150327 y 20141012, NDWI Sngm. Google Earth y Cartografía Geológica de Sernageomin",Servicio Nacional de Geología y Minería,SIN INFORMACION,TIERRA AMARILLA,03103,COPIAPO,031,1154.08859624,33390.9699707
25,124,ATACAMA,03,Área propuesta evacuación,AE-ATACAMA-21,TIERRA AMARILLA - NANTOCO,"Fotointerpretación con control de terreno de imágenes SAF 20150327-20150326, georef. Sngm. Imágenes Worlview (IGM), imágenes Rapideye 20150327 y 20141012, NDWI Sngm. Google Earth y Cartografía Geológica de Sernageomin",Servicio Nacional de Geología y Minería,SIN INFORMACION,TIERRA AMARILLA,03103,COPIAPO,031,315.800156758,3819.87353516
26,144,ATACAMA,03,Área afectada,AF-ATACAMA-01,COPIAPÓ-PAIPOTE,"Fotointerpretación con control de terreno de imágenes Rapideye 20150327 y 20150319, NDWI Sernageomin, SAF 20150327, Google Earth y Cartografía Geológica de Sernageomin",Servicio Nacional de Geología y Minería,NO OPERATIVO,COPIAPO,03101,COPIAPO,031,365.843253603,8677.94848633
27,152,ATACAMA,03,Área afectada,AF-ATACAMA-05,COPIAPÓ-PAIPOTE,"Fotointerpretación con control de terreno de imágenes Rapideye 20150327 y 20150319, NDWI Sernageomin, SAF 20150327, Google Earth y Cartografía Geológica de Sernageomin",Servicio Nacional de Geología y Minería,NO OPERATIVO,COPIAPO,03101,COPIAPO,031,223693.653045,43654512.4412
28,153,ATACAMA,03,Área afectada,AF-ATACAMA-02,COPIAPÓ-PAIPOTE,"Fotointerpretación con control de terreno de imágenes Rapideye 20150327 y 20150319, NDWI Sernageomin, SAF 20150327, Google Earth y Cartografía Geológica de Sernageomin",Servicio Nacional de Geología y Minería,NO OPERATIVO,COPIAPO,03101,COPIAPO,031,29540.8143762,1136776.96484
29,154,ATACAMA,03,Área propuesta acopio,AA-ATACAMA-27,COPIAPÓ-PAIPOTE,"Fotointerpretación con control de terreno de imágenes Rapideye 20150327 y 20150319, NDWI Sernageomin, SAF 20150327, Google Earth y Cartografía Geológica de Sernageomin",Servicio Nacional de Geología y Minería,SIN INFORMACION,COPIAPO,03101,COPIAPO,031,1551.85338847,82577.8879395
30,155,ATACAMA,03,Área propuesta acopio,AA-ATACAMA-28,COPIAPÓ-PAIPOTE,"Fotointerpretación con control de terreno de imágenes Rapideye 20150327 y 20150319, NDWI Sernageomin, SAF 20150327, Google Earth y Cartografía Geológica de Sernageomin",Servicio Nacional de Geología y Minería,SIN INFORMACION,COPIAPO,03101,COPIAPO,031,1510.94501985,149174.831543
31,156,ATACAMA,03,Área propuesta acopio,AA-ATACAMA-29,COPIAPÓ-PAIPOTE,"Fotointerpretación con control de terreno de imágenes Rapideye 20150327 y 20150319, NDWI Sernageomin, SAF 20150327, Google Earth y Cartografía Geológica de Sernageomin",Servicio Nacional de Geología y Minería,SIN INFORMACION,COPIAPO,03101,COPIAPO,031,3353.90194469,749078.047363
32,157,ATACAMA,03,Área propuesta acopio,AA-ATACAMA-30,COPIAPÓ-PAIPOTE,"Fotointerpretación con control de terreno de imágenes Rapideye 20150327 y 20150319, NDWI Sernageomin, SAF 20150327, Google Earth y Cartografía Geológica de Sernageomin",Servicio Nacional de Geología y Minería,SIN INFORMACION,COPIAPO,03101,COPIAPO,031,3156.77651773,610153.806152
33,158,ATACAMA,03,Área propuesta acopio,AA-ATACAMA-31,COPIAPÓ-PAIPOTE,"Fotointerpretación con control de terreno de imágenes Rapideye 20150327 y 20150319, NDWI Sernageomin, SAF 20150327, Google Earth y Cartografía Geológica de Sernageomin",Servicio Nacional de Geología y Minería,SIN INFORMACION,COPIAPO,03101,COPIAPO,031,1224.62234833,61664.7114258
34,159,ATACAMA,03,Área propuesta acopio,AA-ATACAMA-32,COPIAPÓ-PAIPOTE,"Fotointerpretación con control de terreno de imágenes Rapideye 20150327 y 20150319, NDWI Sernageomin, SAF 20150327, Google Earth y Cartografía Geológica de Sernageomin",Servicio Nacional de Geología y Minería,SIN INFORMACION,COPIAPO,03101,COPIAPO,031,841.302770979,30849.7797852
35,160,ATACAMA,03,Área propuesta acopio,AA-ATACAMA-33,COPIAPÓ-PAIPOTE,"Fotointerpretación con control de terreno de imágenes Rapideye 20150327 y 20150319, NDWI Sernageomin, SAF 20150327, Google Earth y Cartografía Geológica de Sernageomin",Servicio Nacional de Geología y Minería,SIN INFORMACION,COPIAPO,03101,COPIAPO,031,4691.20093408,846776.608643
36,161,ATACAMA,03,Área propuesta acopio,AA-ATACAMA-34,COPIAPÓ-PAIPOTE,"Fotointerpretación con control de terreno de imágenes Rapideye 20150327 y 20150319, NDWI Sernageomin, SAF 20150327, Google Earth y Cartografía Geológica de Sernageomin",Servicio Nacional de Geología y Minería,SIN INFORMACION,COPIAPO,03101,COPIAPO,031,2885.05114214,97775.8535156
37,162,ATACAMA,03,Área propuesta acopio,AA-ATACAMA-35,COPIAPÓ-PAIPOTE,"Fotointerpretación con control de terreno de imágenes Rapideye 20150327 y 20150319, NDWI Sernageomin, SAF 20150327, Google Earth y Cartografía Geológica de Sernageomin",Servicio Nacional de Geología y Minería,SIN INFORMACION,COPIAPO,03101,COPIAPO,031,11679.6126432,7676006.67358
38,163,ATACAMA,03,Área propuesta acopio,AA-ATACAMA-36,COPIAPÓ-PAIPOTE,"Fotointerpretación con control de terreno de imágenes Rapideye 20150327 y 20150319, NDWI Sernageomin, SAF 20150327, Google Earth y Cartografía Geológica de Sernageomin",Servicio Nacional de Geología y Minería,SIN INFORMACION,COPIAPO,03101,COPIAPO,031,4808.30869288,1177381.15796
39,164,ATACAMA,03,Área propuesta acopio,AA-ATACAMA-37,COPIAPÓ-PAIPOTE,"Fotointerpretación con control de terreno de imágenes Rapideye 20150327 y 20150319, NDWI Sernageomin, SAF 20150327, Google Earth y Cartografía Geológica de Sernageomin",Servicio Nacional de Geología y Minería,SIN INFORMACION,COPIAPO,03101,COPIAPO,031,2049.93370949,276608.611084
40,165,ATACAMA,03,Área propuesta acopio,AA-ATACAMA-38,COPIAPÓ-PAIPOTE,"Fotointerpretación con control de terreno de imágenes Rapideye 20150327 y 20150319, NDWI Sernageomin, SAF 20150327, Google Earth y Cartografía Geológica de Sernageomin",Servicio Nacional de Geología y Minería,SIN INFORMACION,COPIAPO,03101,COPIAPO,031,1693.76519673,130278.243652
41,166,ATACAMA,03,Área propuesta acopio,AA-ATACAMA-39,COPIAPÓ-PAIPOTE,"Fotointerpretación (sin control de terreno) de imágenes Rapideye 20150327 y 20150319, NDWI Sernageomin, SAF 20150327, Google Earth y Cartografía Geológica de Sernageomin",Servicio Nacional de Geología y Minería,SIN INFORMACION,COPIAPO,03101,COPIAPO,031,640.971484244,19080.0041504
42,170,ATACAMA,03,Área propuesta evacuación,AE-ATACAMA-22,COPIAPÓ-PAIPOTE,"Fotointerpretación con control de terreno de imágenes Rapideye 20150327 y 20150319, NDWI Sernageomin, SAF 20150327, Google Earth y Cartografía Geológica de Sernageomin",Servicio Nacional de Geología y Minería,SIN INFORMACION,COPIAPO,03101,COPIAPO,031,492.462929264,10187.9812012
43,171,ATACAMA,03,Área propuesta evacuación,AE-ATACAMA-23,COPIAPÓ-PAIPOTE,"Fotointerpretación con control de terreno de imágenes Rapideye 20150327 y 20150319, NDWI Sernageomin, SAF 20150327, Google Earth y Cartografía Geológica de Sernageomin",Servicio Nacional de Geología y Minería,SIN INFORMACION,COPIAPO,03101,COPIAPO,031,322.664332046,6270.59350586
44,172,ATACAMA,03,Área propuesta evacuación,AE-ATACAMA-24,COPIAPÓ-PAIPOTE,"Fotointerpretación con control de terreno de imágenes Rapideye 20150327 y 20150319, NDWI Sernageomin, SAF 20150327, Google Earth y Cartografía Geológica de Sernageomin",Servicio Nacional de Geología y Minería,SIN INFORMACION,COPIAPO,03101,COPIAPO,031,1797.89682819,106540.277344
45,173,ATACAMA,03,Área propuesta evacuación,AE-ATACAMA-25,COPIAPÓ-PAIPOTE,"Fotointerpretación con control de terreno de imágenes Rapideye 20150327 y 20150319, NDWI Sernageomin, SAF 20150327, Google Earth y Cartografía Geológica de Sernageomin",Servicio Nacional de Geología y Minería,SIN INFORMACION,COPIAPO,03101,COPIAPO,031,1136.41359832,25967.887207
46,174,ATACAMA,03,Área propuesta evacuación,AE-ATACAMA-26,COPIAPÓ-PAIPOTE,"Fotointerpretación con control de terreno de imágenes Rapideye 20150327 y 20150319, NDWI Sernageomin, SAF 20150327, Google Earth y Cartografía Geológica de Sernageomin",Servicio Nacional de Geología y Minería,SIN INFORMACION,COPIAPO,03101,COPIAPO,031,1187.93294787,33730.8469238
47,175,ATACAMA,03,Área propuesta campamento,AC-ATACAMA-08,COPIAPÓ-PAIPOTE,"Fotointerpretación con control de terreno de imágenes Rapideye 20150327 y 20150319, NDWI Sernageomin, SAF 20150327, Google Earth y Cartografía Geológica de Sernageomin",Servicio Nacional de Geología y Minería,SIN INFORMACION,COPIAPO,03101,COPIAPO,031,1216.79580498,77752.3857422
48,177,ATACAMA,03,Área propuesta campamento,AC-ATACAMA-09,COPIAPÓ-PAIPOTE,"Fotointerpretación con control de terreno de imágenes Rapideye 20150327 y 20150319, NDWI Sernageomin, SAF 20150327, Google Earth y Cartografía Geológica de Sernageomin",Servicio Nacional de Geología y Minería,SIN INFORMACION,COPIAPO,03101,COPIAPO,031,260.101524067,3783.60791016
49,178,ATACAMA,03,Área propuesta campamento,AC-ATACAMA-10,COPIAPÓ-PAIPOTE,"Fotointerpretación con control de terreno de imágenes Rapideye 20150327 y 20150319, NDWI Sernageomin, SAF 20150327, Google Earth y Cartografía Geológica de Sernageomin",Servicio Nacional de Geología y Minería,SIN INFORMACION,COPIAPO,03101,COPIAPO,031,693.871482512,11067.453125
50,179,ATACAMA,03,Área propuesta campamento,AC-ATACAMA-11,COPIAPÓ-PAIPOTE,"Fotointerpretación con control de terreno de imágenes Rapideye 20150327 y 20150319, NDWI Sernageomin, SAF 20150327, Google Earth y Cartografía Geológica de Sernageomin",Servicio Nacional de Geología y Minería,SIN INFORMACION,COPIAPO,03101,COPIAPO,031,521.79085487,10120.0085449
51,180,ATACAMA,03,Área propuesta evacuación,AE-ATACAMA-27,COPIAPÓ-PAIPOTE,"Fotointerpretación con control de terreno de imágenes Rapideye 20150327 y 20150319, NDWI Sernageomin, SAF 20150327, Google Earth y Cartografía Geológica de Sernageomin",Servicio Nacional de Geología y Minería,SIN INFORMACION,COPIAPO,03101,COPIAPO,031,484.76554095,9998.45288086
52,181,ATACAMA,03,Área propuesta campamento,AC-ATACAMA-12,COPIAPÓ-PAIPOTE,"Fotointerpretación con control de terreno de imágenes Rapideye 20150327 y 20150319, NDWI Sernageomin, SAF 20150327, Google Earth y Cartografía Geológica de Sernageomin",Servicio Nacional de Geología y Minería,SIN INFORMACION,COPIAPO,03101,COPIAPO,031,1677.7684099,187894.65918
53,182,ATACAMA,03,Área propuesta campamento,AC-ATACAMA-13,COPIAPÓ-PAIPOTE,"Fotointerpretación con control de terreno de imágenes Rapideye 20150327 y 20150319, NDWI Sernageomin, SAF 20150327, Google Earth y Cartografía Geológica de Sernageomin",Servicio Nacional de Geología y Minería,SIN INFORMACION,COPIAPO,03101,COPIAPO,031,801.263230712,16792.3752441
54,183,ATACAMA,03,Área propuesta campamento,AC-ATACAMA-14,COPIAPÓ-PAIPOTE,"Fotointerpretación con control de terreno de imágenes Rapideye 20150327 y 20150319, NDWI Sernageomin, SAF 20150327, Google Earth y Cartografía Geológica de Sernageomin",Servicio Nacional de Geología y Minería,SIN INFORMACION,COPIAPO,03101,COPIAPO,031,303.199967009,5237.21948242
55,184,ATACAMA,03,Área propuesta evacuación,AE-ATACAMA-28,COPIAPÓ-PAIPOTE,"Fotointerpretación con control de terreno de imágenes Rapideye 20150327 y 20150319, NDWI Sernageomin, SAF 20150327, Google Earth y Cartografía Geológica de Sernageomin",Servicio Nacional de Geología y Minería,SIN INFORMACION,COPIAPO,03101,COPIAPO,031,982.977185832,48937.612793
56,185,ATACAMA,03,Área propuesta evacuación,AE-ATACAMA-29,COPIAPÓ-PAIPOTE,"Fotointerpretación (sin control de terreno) de imágenes Rapideye 20150327 y 20150319, NDWI Sernageomin, SAF 20150327, Google Earth y Cartografía Geológica de Sernageomin",Servicio Nacional de Geología y Minería,SIN INFORMACION,COPIAPO,03101,COPIAPO,031,2911.34483025,201505.431885
57,186,ATACAMA,03,Área propuesta evacuación,AE-ATACAMA-30,COPIAPÓ-PAIPOTE,"Fotointerpretación (sin control de terreno) de imágenes Rapideye 20150327 y 20150319, NDWI Sernageomin, SAF 20150327, Google Earth y Cartografía Geológica de Sernageomin",Servicio Nacional de Geología y Minería,SIN INFORMACION,COPIAPO,03101,COPIAPO,031,949.930848495,56922.5065918
58,187,ATACAMA,03,Área propuesta campamento,AC-ATACAMA-15,COPIAPÓ-PAIPOTE,"Fotointerpretación (sin control de terreno) de imágenes Rapideye 20150327 y 20150319, NDWI Sernageomin, SAF 20150327, Google Earth y Cartografía Geológica de Sernageomin",Servicio Nacional de Geología y Minería,SIN INFORMACION,COPIAPO,03101,COPIAPO,031,818.831509558,42724.7338867
59,188,ATACAMA,03,Área propuesta campamento,AC-ATACAMA-16,COPIAPÓ-PAIPOTE,"Fotointerpretación (sin control de terreno) de imágenes Rapideye 20150327 y 20150319, NDWI Sernageomin, SAF 20150327, Google Earth y Cartografía Geológica de Sernageomin",Servicio Nacional de Geología y Minería,SIN INFORMACION,COPIAPO,03101,COPIAPO,031,952.028447686,56519.6765137
60,189,ATACAMA,03,Área propuesta campamento,AC-ATACAMA-17,COPIAPÓ-PAIPOTE,"Fotointerpretación (sin control de terreno) de imágenes Rapideye 20150327 y 20150319, NDWI Sernageomin, SAF 20150327, Google Earth y Cartografía Geológica de Sernageomin",Servicio Nacional de Geología y Minería,SIN INFORMACION,COPIAPO,03101,COPIAPO,031,1097.98908359,58803.8820801
61,190,ATACAMA,03,Área propuesta campamento,AC-ATACAMA-18,COPIAPÓ-PAIPOTE,"Fotointerpretación (sin control de terreno) de imágenes Rapideye 20150327 y 20150319, NDWI Sernageomin, SAF 20150327, Google Earth y Cartografía Geológica de Sernageomin",Servicio Nacional de Geología y Minería,SIN INFORMACION,COPIAPO,03101,COPIAPO,031,4514.00935742,936500.327393
62,191,ATACAMA,03,Área propuesta campamento,AC-ATACAMA-19,COPIAPÓ-PAIPOTE,"Fotointerpretación (sin control de terreno) de imágenes Rapideye 20150327 y 20150319, NDWI Sernageomin, SAF 20150327, Google Earth y Cartografía Geológica de Sernageomin",Servicio Nacional de Geología y Minería,SIN INFORMACION,COPIAPO,03101,COPIAPO,031,1103.85032378,85847.5852051
63,192,ATACAMA,03,Área propuesta campamento,AC-ATACAMA-20,COPIAPÓ-PAIPOTE,"Fotointerpretación (sin control de terreno) de imágenes Rapideye 20150327 y 20150319, NDWI Sernageomin, SAF 20150327, Google Earth y Cartografía Geológica de Sernageomin",Servicio Nacional de Geología y Minería,SIN INFORMACION,COPIAPO,03101,COPIAPO,031,1890.24739535,255799.84668
64,193,ATACAMA,03,Área propuesta campamento,AC-ATACAMA-21,COPIAPÓ-PAIPOTE,"Fotointerpretación (sin control de terreno) de imágenes Rapideye 20150327 y 20150319, NDWI Sernageomin, SAF 20150327, Google Earth y Cartografía Geológica de Sernageomin",Servicio Nacional de Geología y Minería,SIN INFORMACION,COPIAPO,03101,COPIAPO,031,433.243345762,11953.4362793
65,194,ATACAMA,03,Área propuesta campamento,AC-ATACAMA-22,COPIAPÓ-PAIPOTE,"Fotointerpretación (sin control de terreno) de imágenes Rapideye 20150327 y 20150319, NDWI Sernageomin, SAF 20150327, Google Earth y Cartografía Geológica de Sernageomin",Servicio Nacional de Geología y Minería,SIN INFORMACION,COPIAPO,03101,COPIAPO,031,522.349638305,18008.5751953
66,195,ATACAMA,03,Área propuesta campamento,AC-ATACAMA-23,COPIAPÓ-PAIPOTE,"Fotointerpretación (sin control de terreno) de imágenes Rapideye 20150327 y 20150319, NDWI Sernageomin, SAF 20150327, Google Earth y Cartografía Geológica de Sernageomin",Servicio Nacional de Geología y Minería,SIN INFORMACION,COPIAPO,03101,COPIAPO,031,429.473174098,11785.4042969
67,196,ATACAMA,03,Área propuesta campamento,AC-ATACAMA-24,COPIAPÓ-PAIPOTE,"Fotointerpretación (sin control de terreno) de imágenes Rapideye 20150327 y 20150319, NDWI Sernageomin, SAF 20150327, Google Earth y Cartografía Geológica de Sernageomin",Servicio Nacional de Geología y Minería,SIN INFORMACION,COPIAPO,03101,COPIAPO,031,1114.23253442,74550.9206543
68,245,ATACAMA,03,Área propuesta acopio,AA-ATACAMA-40,CHAÑARAL,"Fotointerpretación con control de terreno de imágenes mosaico SAF 20150327 - 20150326 georeferenciada Sernageomin, Pleiades 20150328, Google Earth y Cartografía Geológica de Sernageomin",Servicio Nacional de Geología y Minería,SIN INFORMACION,CHAÑARAL,03201,CHAÑARAL,032,1399.27362898,115650.237305
69,246,ATACAMA,03,Área propuesta acopio,AA-ATACAMA-41,CHAÑARAL,"Fotointerpretación con control de terreno de imágenes mosaico SAF 20150327 - 20150326 georeferenciada Sernageomin, Pleiades 20150328, Google Earth y Cartografía Geológica de Sernageomin",Servicio Nacional de Geología y Minería,SIN INFORMACION,CHAÑARAL,03201,CHAÑARAL,032,1823.60049515,220841.838623
70,247,ATACAMA,03,Área propuesta acopio,AA-ATACAMA-42,CHAÑARAL,"Fotointerpretación con control de terreno de imágenes mosaico SAF 20150327 - 20150326 georeferenciada Sernageomin, Pleiades 20150328, Google Earth y Cartografía Geológica de Sernageomin",Servicio Nacional de Geología y Minería,SIN INFORMACION,CHAÑARAL,03201,CHAÑARAL,032,1604.63491806,161361.901855
71,248,ATACAMA,03,Área propuesta acopio,AA-ATACAMA-43,CHAÑARAL,"Fotointerpretación con control de terreno de imágenes mosaico SAF 20150327 - 20150326 georeferenciada Sernageomin, Pleiades 20150328, Google Earth y Cartografía Geológica de Sernageomin",Servicio Nacional de Geología y Minería,SIN INFORMACION,CHAÑARAL,03201,CHAÑARAL,032,2594.36746044,310610.508545
72,249,ATACAMA,03,Área propuesta campamento,AC-ATACAMA-01,CHAÑARAL,"Fotointerpretación con control de terreno de imágenes mosaico SAF 20150327 - 20150326 georeferenciada Sernageomin, Pleiades 20150328, Google Earth y Cartografía Geológica de Sernageomin",Servicio Nacional de Geología y Minería,SIN INFORMACION,CHAÑARAL,03201,CHAÑARAL,032,1990.6618502,218560.004639
73,250,ATACAMA,03,Área propuesta campamento,AC-ATACAMA-25,CHAÑARAL,"Fotointerpretación con control de terreno de imágenes mosaico SAF 20150327 - 20150326 georeferenciada Sernageomin, Pleiades 20150328, Google Earth y Cartografía Geológica de Sernageomin",Servicio Nacional de Geología y Minería,SIN INFORMACION,CHAÑARAL,03201,CHAÑARAL,032,2455.49194209,261372.578857
74,251,ATACAMA,03,Área propuesta campamento,AC-ATACAMA-26,CHAÑARAL,"Fotointerpretación con control de terreno de imágenes mosaico SAF 20150327 - 20150326 georeferenciada Sernageomin, Pleiades 20150328, Google Earth y Cartografía Geológica de Sernageomin",Servicio Nacional de Geología y Minería,SIN INFORMACION,CHAÑARAL,03201,CHAÑARAL,032,2696.09110287,432348.551514
75,253,ATACAMA,03,Área propuesta campamento,AC-ATACAMA-28,CHAÑARAL,"Fotointerpretación con control de terreno de imágenes mosaico SAF 20150327 - 20150326 georeferenciada Sernageomin, Pleiades 20150328, Google Earth y Cartografía Geológica de Sernageomin",Servicio Nacional de Geología y Minería,SIN INFORMACION,CHAÑARAL,03201,CHAÑARAL,032,3054.85784654,323638.344727
76,254,ATACAMA,03,Área propuesta evacuación,AE-ATACAMA-01,CHAÑARAL,"Fotointerpretación con control de terreno de imágenes mosaico SAF 20150327 - 20150326 georeferenciada Sernageomin, Pleiades 20150328, Google Earth y Cartografía Geológica de Sernageomin",Servicio Nacional de Geología y Minería,SIN INFORMACION,CHAÑARAL,03201,CHAÑARAL,032,723.883959832,26220.9294434
77,255,ATACAMA,03,Área propuesta evacuación,AE-ATACAMA-02,CHAÑARAL,"Fotointerpretación con control de terreno de imágenes mosaico SAF 20150327 - 20150326 georeferenciada Sernageomin, Pleiades 20150328, Google Earth y Cartografía Geológica de Sernageomin",Servicio Nacional de Geología y Minería,SIN INFORMACION,CHAÑARAL,03201,CHAÑARAL,032,620.55243683,25429.6748047
78,256,ATACAMA,03,Área propuesta evacuación,AE-ATACAMA-03,CHAÑARAL,"Fotointerpretación con control de terreno de imágenes mosaico SAF 20150327 - 20150326 georeferenciada Sernageomin, Pleiades 20150328, Google Earth y Cartografía Geológica de Sernageomin",Servicio Nacional de Geología y Minería,SIN INFORMACION,CHAÑARAL,03201,CHAÑARAL,032,662.476564888,25648.1682129
79,257,ATACAMA,03,Área propuesta evacuación,AE-ATACAMA-32,CHAÑARAL,"Fotointerpretación con control de terreno de imágenes mosaico SAF 20150327 - 20150326 georeferenciada Sernageomin, Pleiades 20150328, Google Earth y Cartografía Geológica de Sernageomin",Servicio Nacional de Geología y Minería,SIN INFORMACION,CHAÑARAL,03201,CHAÑARAL,032,1990.78888596,216802.039795
80,258,ATACAMA,03,Área propuesta evacuación,AE-ATACAMA-31,CHAÑARAL,"Fotointerpretación con control de terreno de imágenes mosaico SAF 20150327 - 20150326 georeferenciada Sernageomin, Pleiades 20150328, Google Earth y Cartografía Geológica de Sernageomin",Servicio Nacional de Geología y Minería,SIN INFORMACION,CHAÑARAL,03201,CHAÑARAL,032,3602.19887515,477364.905518
81,259,ATACAMA,03,Área afectada,AF-ATACAMA-04,CHAÑARAL,"Fotointerpretación con control de terreno de imágenes mosaico SAF 20150327 - 20150326 georeferenciada Sernageomin, Pleiades 20150328, Google Earth y Cartografía Geológica de Sernageomin",Servicio Nacional de Geología y Minería,NO OPERATIVO,CHAÑARAL,03201,CHAÑARAL,032,37500.8871738,3186385.17383
82,281,ATACAMA,03,Área afectada,AF-ATACAMA-06,DIEGO DE ALMAGRO,"Fotointerpretación con control de terreno de imágenes SAF 20150328, Google Earth y Cartografía Geológica de Sernageomin",Servicio Nacional de Geología y Minería,NO OPERATIVO,DIEGO DE ALMAGRO,03202,CHAÑARAL,032,479.827930371,4022.63842773
83,282,ATACAMA,03,Área afectada,AF-ATACAMA-09,DIEGO DE ALMAGRO,"Fotointerpretación con control de terreno de imágenes SAF 20150328, Google Earth y Cartografía Geológica de Sernageomin",Servicio Nacional de Geología y Minería,NO OPERATIVO,DIEGO DE ALMAGRO,03202,CHAÑARAL,032,470.639289002,1666.10620117
84,283,ATACAMA,03,Área afectada,AF-ATACAMA-10,DIEGO DE ALMAGRO,"Fotointerpretación con control de terreno de imágenes SAF 20150328, Google Earth y Cartografía Geológica de Sernageomin",Servicio Nacional de Geología y Minería,NO OPERATIVO,DIEGO DE ALMAGRO,03202,CHAÑARAL,032,1373.82286769,8959.76416016
85,285,ATACAMA,03,Área afectada,AF-ATACAMA-12,DIEGO DE ALMAGRO,"Fotointerpretación con control de terreno de imágenes SAF 20150328, Google Earth y Cartografía Geológica de Sernageomin",Servicio Nacional de Geología y Minería,NO OPERATIVO,DIEGO DE ALMAGRO,03202,CHAÑARAL,032,33731.698876,4790298.74683
86,291,ATACAMA,03,Área propuesta acopio,AA-ATACAMA-13,DIEGO DE ALMAGRO,"Fotointerpretación con control de terreno de imágenes SAF 20150328, Google Earth y Cartografía Geológica de Sernageomin",Servicio Nacional de Geología y Minería,SIN INFORMACION,DIEGO DE ALMAGRO,03202,CHAÑARAL,032,1213.16203893,42317.7954102
87,292,ATACAMA,03,Área propuesta acopio,AA-ATACAMA-14,DIEGO DE ALMAGRO,"Fotointerpretación con control de terreno de imágenes SAF 20150328, Google Earth y Cartografía Geológica de Sernageomin",Servicio Nacional de Geología y Minería,SIN INFORMACION,DIEGO DE ALMAGRO,03202,CHAÑARAL,032,560.918941121,18022.7180176
88,293,ATACAMA,03,Área propuesta acopio,AA-ATACAMA-15,DIEGO DE ALMAGRO,"Fotointerpretación con control de terreno de imágenes SAF 20150328, Google Earth y Cartografía Geológica de Sernageomin",Servicio Nacional de Geología y Minería,SIN INFORMACION,DIEGO DE ALMAGRO,03202,CHAÑARAL,032,1039.85806469,58724.2597656
89,294,ATACAMA,03,Área propuesta acopio,AA-ATACAMA-16,DIEGO DE ALMAGRO,"Fotointerpretación con control de terreno de imágenes SAF 20150328, Google Earth y Cartografía Geológica de Sernageomin",Servicio Nacional de Geología y Minería,SIN INFORMACION,DIEGO DE ALMAGRO,03202,CHAÑARAL,032,835.099667325,31097.7998047
90,300,ATACAMA,03,Área propuesta campamento,AC-ATACAMA-03,DIEGO DE ALMAGRO,"Fotointerpretación con control de terreno de imágenes SAF 20150328, Google Earth y Cartografía Geológica de Sernageomin",Servicio Nacional de Geología y Minería,SIN INFORMACION,DIEGO DE ALMAGRO,03202,CHAÑARAL,032,1464.55218063,121877.779541
91,301,ATACAMA,03,Área propuesta campamento,AC-ATACAMA-04,DIEGO DE ALMAGRO,"Fotointerpretación con control de terreno de imágenes SAF 20150328, Google Earth y Cartografía Geológica de Sernageomin",Servicio Nacional de Geología y Minería,SIN INFORMACION,DIEGO DE ALMAGRO,03202,CHAÑARAL,032,2949.22857526,245383.502441
92,302,ATACAMA,03,Área propuesta campamento,AC-ATACAMA-05,DIEGO DE ALMAGRO,"Fotointerpretación con control de terreno de imágenes SAF 20150328, Google Earth y Cartografía Geológica de Sernageomin",Servicio Nacional de Geología y Minería,SIN INFORMACION,DIEGO DE ALMAGRO,03202,CHAÑARAL,032,867.18943903,52608.168457
93,303,ATACAMA,03,Área propuesta campamento,AC-ATACAMA-29,DIEGO DE ALMAGRO,"Fotointerpretación con control de terreno de imágenes SAF 20150328, Google Earth y Cartografía Geológica de Sernageomin",Servicio Nacional de Geología y Minería,SIN INFORMACION,DIEGO DE ALMAGRO,03202,CHAÑARAL,032,1058.84494779,65884.1154785
94,314,ATACAMA,03,Área propuesta evacuación,AE-ATACAMA-07,DIEGO DE ALMAGRO,"Fotointerpretación con control de terreno de imágenes SAF 20150328, Google Earth y Cartografía Geológica de Sernageomin",Servicio Nacional de Geología y Minería,SIN INFORMACION,DIEGO DE ALMAGRO,03202,CHAÑARAL,032,700.301662165,25050.5839844
95,315,ATACAMA,03,Área propuesta evacuación,AE-ATACAMA-33,DIEGO DE ALMAGRO,"Fotointerpretación con control de terreno de imágenes SAF 20150328, Google Earth y Cartografía Geológica de Sernageomin",Servicio Nacional de Geología y Minería,SIN INFORMACION,DIEGO DE ALMAGRO,03202,CHAÑARAL,032,976.41526891,38267.7143555
96,316,ATACAMA,03,Área propuesta evacuación,AE-ATACAMA-34,DIEGO DE ALMAGRO,"Fotointerpretación con control de terreno de imágenes SAF 20150328, Google Earth y Cartografía Geológica de Sernageomin",Servicio Nacional de Geología y Minería,SIN INFORMACION,DIEGO DE ALMAGRO,03202,CHAÑARAL,032,483.291238566,17059.206543
97,317,ATACAMA,03,Área propuesta evacuación,AE-ATACAMA-35,DIEGO DE ALMAGRO,"Fotointerpretación con control de terreno de imágenes SAF 20150328, Google Earth y Cartografía Geológica de Sernageomin",Servicio Nacional de Geología y Minería,SIN INFORMACION,DIEGO DE ALMAGRO,03202,CHAÑARAL,032,1286.60203434,78415.0695801
98,318,ATACAMA,03,Área propuesta evacuación,AE-ATACAMA-36,DIEGO DE ALMAGRO,"Fotointerpretación con control de terreno de imágenes SAF 20150328, Google Earth y Cartografía Geológica de Sernageomin",Servicio Nacional de Geología y Minería,SIN INFORMACION,DIEGO DE ALMAGRO,03202,CHAÑARAL,032,411.928460518,12311.1413574
99,319,ATACAMA,03,Área propuesta evacuación,AE-ATACAMA-37,DIEGO DE ALMAGRO,"Fotointerpretación con control de terreno de imágenes SAF 20150328, Google Earth y Cartografía Geológica de Sernageomin",Servicio Nacional de Geología y Minería,SIN INFORMACION,DIEGO DE ALMAGRO,03202,CHAÑARAL,032,884.871401754,42743.4067383
100,320,ATACAMA,03,Área propuesta evacuación,AE-ATACAMA-38,DIEGO DE ALMAGRO,"Fotointerpretación con control de terreno de imágenes SAF 20150328, Google Earth y Cartografía Geológica de Sernageomin",Servicio Nacional de Geología y Minería,SIN INFORMACION,DIEGO DE ALMAGRO,03202,CHAÑARAL,032,653.213218189,25364.3288574
101,321,ATACAMA,03,Área propuesta evacuación,AE-ATACAMA-39,DIEGO DE ALMAGRO,"Fotointerpretación con control de terreno de imágenes SAF 20150328, Google Earth y Cartografía Geológica de Sernageomin",Servicio Nacional de Geología y Minería,SIN INFORMACION,DIEGO DE ALMAGRO,03202,CHAÑARAL,032,874.370597489,31075.0083008
102,322,ATACAMA,03,Área propuesta evacuación,AE-ATACAMA-40,DIEGO DE ALMAGRO,"Fotointerpretación con control de terreno de imágenes SAF 20150328, Google Earth y Cartografía Geológica de Sernageomin",Servicio Nacional de Geología y Minería,SIN INFORMACION,DIEGO DE ALMAGRO,03202,CHAÑARAL,032,1726.42671634,88755.5419922
103,333,ATACAMA,03,Área afectada,AF-ATACAMA-03,EL SALADO,"Fotointerpretación con control de terreno de imágenes imágenes SAF 20150328, Google Earth y Cartografía Geológica de Sernageomin",Servicio Nacional de Geología y Minería,NO OPERATIVO,DIEGO DE ALMAGRO,03202,CHAÑARAL,032,10.8126144709,2.0107421875
104,334,ATACAMA,03,Área afectada,AF-ATACAMA-13,EL SALADO,"Fotointerpretación con control de terreno de imágenes imágenes SAF 20150328, Google Earth y Cartografía Geológica de Sernageomin",Servicio Nacional de Geología y Minería,NO OPERATIVO,DIEGO DE ALMAGRO,03202,CHAÑARAL,032,1939.69495413,29765.1706543
105,335,ATACAMA,03,Área afectada,AF-ATACAMA-14,EL SALADO,"Fotointerpretación con control de terreno de imágenes imágenes SAF 20150328, Google Earth y Cartografía Geológica de Sernageomin",Servicio Nacional de Geología y Minería,NO OPERATIVO,DIEGO DE ALMAGRO,03202,CHAÑARAL,032,26088.276335,1790292.57886
106,341,ATACAMA,03,Área propuesta campamento,AC-ATACAMA-02,EL SALADO,"Fotointerpretación con control de terreno de imágenes imágenes SAF 20150328, Google Earth y Cartografía Geológica de Sernageomin",Servicio Nacional de Geología y Minería,SIN INFORMACION,CHAÑARAL,03201,CHAÑARAL,032,3074.62027087,122002.5979
107,342,ATACAMA,03,Área propuesta campamento,AC-ATACAMA-30,EL SALADO,"Fotointerpretación con control de terreno de imágenes imágenes SAF 20150328, Google Earth y Cartografía Geológica de Sernageomin",Servicio Nacional de Geología y Minería,SIN INFORMACION,CHAÑARAL,03201,CHAÑARAL,032,1498.38676268,119143.133545
108,343,ATACAMA,03,Área propuesta campamento,AC-ATACAMA-31,EL SALADO,"Fotointerpretación con control de terreno de imágenes imágenes SAF 20150328, Google Earth y Cartografía Geológica de Sernageomin",Servicio Nacional de Geología y Minería,SIN INFORMACION,CHAÑARAL,03201,CHAÑARAL,032,947.318330211,41492.3984375
109,344,ATACAMA,03,Área propuesta campamento,AC-ATACAMA-32,EL SALADO,"Fotointerpretación con control de terreno de imágenes imágenes SAF 20150328, Google Earth y Cartografía Geológica de Sernageomin",Servicio Nacional de Geología y Minería,SIN INFORMACION,CHAÑARAL,03201,CHAÑARAL,032,2461.01294972,174413.148926
110,355,ATACAMA,03,Área propuesta acopio,AA-ATACAMA-50,EL SALADO,"Fotointerpretación con control de terreno de imágenes imágenes SAF 20150328, Google Earth y Cartografía Geológica de Sernageomin",Servicio Nacional de Geología y Minería,SIN INFORMACION,DIEGO DE ALMAGRO,03202,CHAÑARAL,032,905.919879518,33181.4133301
111,356,ATACAMA,03,Área propuesta acopio,AA-ATACAMA-18,EL SALADO,"Fotointerpretación con control de terreno de imágenes imágenes SAF 20150328, Google Earth y Cartografía Geológica de Sernageomin",Servicio Nacional de Geología y Minería,SIN INFORMACION,DIEGO DE ALMAGRO,03202,CHAÑARAL,032,622.055686728,19640.0507813
112,357,ATACAMA,03,Área propuesta acopio,AA-ATACAMA-19,EL SALADO,"Fotointerpretación con control de terreno de imágenes imágenes SAF 20150328, Google Earth y Cartografía Geológica de Sernageomin",Servicio Nacional de Geología y Minería,SIN INFORMACION,DIEGO DE ALMAGRO,03202,CHAÑARAL,032,938.519820806,21910.1730957
113,362,ATACAMA,03,Área propuesta evacuación,AE-ATACAMA-04,EL SALADO,"Fotointerpretación con control de terreno de imágenes imágenes SAF 20150328, Google Earth y Cartografía Geológica de Sernageomin",Servicio Nacional de Geología y Minería,SIN INFORMACION,CHAÑARAL,03201,CHAÑARAL,032,749.932932087,32874.2277832
114,363,ATACAMA,03,Área propuesta evacuación,AE-ATACAMA-05,EL SALADO,"Fotointerpretación con control de terreno de imágenes imágenes SAF 20150328, Google Earth y Cartografía Geológica de Sernageomin",Servicio Nacional de Geología y Minería,SIN INFORMACION,CHAÑARAL,03201,CHAÑARAL,032,792.528326199,42639.3735352
115,364,ATACAMA,03,Área propuesta evacuación,AE-ATACAMA-06,EL SALADO,"Fotointerpretación con control de terreno de imágenes imágenes SAF 20150328, Google Earth y Cartografía Geológica de Sernageomin",Servicio Nacional de Geología y Minería,SIN INFORMACION,CHAÑARAL,03201,CHAÑARAL,032,1000.92521183,65907.1240234
116,389,ATACAMA,03,Área afectada,AF-ATACAMA-15,PAN DE AZÚCAR,Fotointerpretación con control de terreno de imágenes mosaico SAF 20150327 - 20150326. Google Earth y Cartografía Geológica de Sernageomin,Servicio Nacional de Geología y Minería,NO OPERATIVO,CHAÑARAL,03201,CHAÑARAL,032,4031.40595953,107710.417236
117,390,ATACAMA,03,Área propuesta evacuación,AE-ATACAMA-42,PAN DE AZÚCAR,Fotointerpretación con control de terreno de imágenes mosaico SAF 20150327 - 20150326. Google Earth y Cartografía Geológica de Sernageomin,Servicio Nacional de Geología y Minería,SIN INFORMACION,CHAÑARAL,03201,CHAÑARAL,032,2143.61454185,264543.068604
118,427,ATACAMA,03,Área afectada,AF-ATACAMA-11,DIEGO DE ALMAGRO,"Fotointerpretación con control de terreno de imágenes SAF 20150328, Google Earth y Cartografía Geológica de Sernageomin",Servicio Nacional de Geología y Minería,NO OPERATIVO,DIEGO DE ALMAGRO,03202,CHAÑARAL,032,984.759229567,8139.15991211
119,431,ATACAMA,03,Área afectada,AF-ATACAMA-23,DIEGO DE ALMAGRO,"Fotointerpretación con control de terreno de imágenes SAF 20150328, Google Earth y Cartografía Geológica de Sernageomin",Servicio Nacional de Geología y Minería,NO OPERATIVO,DIEGO DE ALMAGRO,03202,CHAÑARAL,032,3127.73024951,62296.2719727
120,432,ATACAMA,03,Área afectada,AF-ATACAMA-45,DIEGO DE ALMAGRO,"Fotointerpretación con control de terreno de imágenes SAF 20150328, Google Earth y Cartografía Geológica de Sernageomin",Servicio Nacional de Geología y Minería,NO OPERATIVO,DIEGO DE ALMAGRO,03202,CHAÑARAL,032,3341.67265832,40730.3637695
121,433,ATACAMA,03,Área propuesta acopio,AA-ATACAMA-17,EL SALADO,"Fotointerpretación con control de terreno de imágenes imágenes SAF 20150328, Google Earth y Cartografía Geológica de Sernageomin",Servicio Nacional de Geología y Minería,SIN INFORMACION,DIEGO DE ALMAGRO,03202,CHAÑARAL,032,472.216560196,14287.0656738
122,535,ATACAMA,03,Área afectada,AF-ATACAMA-44,CHAÑARAL,"Fotointerpretación con control de terreno de imágenes mosaico SAF 20150327 - 20150326 georeferenciada Sernageomin, Pleiades 20150328, Google Earth y Cartografía Geológica de Sernageomin",Servicio Nacional de Geología y Minería,NO OPERATIVO,CHAÑARAL,03201,CHAÑARAL,032,10322.2255121,114899.746094
123,539,ATACAMA,03,Área afectada,AF-ATACAMA-51,RÍO DEL CARMEN,"Fotointerpretación con control de terreno de imágenes Digital Globe 20150406, Rapideye 20150402, Google Earth y Cartografía Geológica de Sernageomin",Servicio Nacional de Geología y Minería,NO OPERATIVO,ALTO DEL CARMEN,03302,HUASCO,033,54181.9788842,2419396.41309
124,540,ATACAMA,03,Área afectada,AF-ATACAMA-52,RÍO HUASCO,"Fotointerpretación con control de terreno de imágenes Digital Globe 20150406, Rapideye 20150402, Google Earth y Cartografía Geológica de Sernageomin",Servicio Nacional de Geología y Minería,NO OPERATIVO,ALTO DEL CARMEN,03302,HUASCO,033,3825.39814466,109102.481689
125,541,ATACAMA,03,Área afectada,AF-ATACAMA-17,EL TRÁNSITO,"Fotointerpretación con control de terreno de imágenes Digital Globe 20150406, Rapideye 20150402, Google Earth y Cartografía Geológica de Sernageomin",Servicio Nacional de Geología y Minería,NO OPERATIVO,ALTO DEL CARMEN,03302,HUASCO,033,84546.2913184,3148292.89453
126,565,ATACAMA,03,Área afectada,AF-ATACAMA-53,QDA. CACHIYUYO,"Fotointerpretación con control de terreno de imágenes Digital Globe 20150406, Rapideye 20150402, Google Earth y Cartografía Geológica de Sernageomin",Servicio Nacional de Geología y Minería,NO OPERATIVO,ALTO DEL CARMEN,03302,HUASCO,033,1681.03220003,11721.2746582
127,566,ATACAMA,03,Área afectada,AF-ATACAMA-54,MARQUEZA/EL OLIVO,"Fotointerpretación con control de terreno de imágenes Digital Globe 20150406, Rapideye 20150402, Google Earth y Cartografía Geológica de Sernageomin",Servicio Nacional de Geología y Minería,NO OPERATIVO,ALTO DEL CARMEN,03302,HUASCO,033,1397.60805985,28658.5349121
128,567,ATACAMA,03,Área afectada,AF-ATACAMA-55,PERALES,"Fotointerpretación con control de terreno de imágenes Digital Globe 20150406, Rapideye 20150402, Google Earth y Cartografía Geológica de Sernageomin",Servicio Nacional de Geología y Minería,NO OPERATIVO,ALTO DEL CARMEN,03302,HUASCO,033,197.375421811,1143.63842773
129,568,ATACAMA,03,Área afectada,AF-ATACAMA-56,PERALES,"Fotointerpretación con control de terreno de imágenes Digital Globe 20150406, Rapideye 20150402, Google Earth y Cartografía Geológica de Sernageomin",Servicio Nacional de Geología y Minería,NO OPERATIVO,ALTO DEL CARMEN,03302,HUASCO,033,308.056930452,1732.80004883
130,569,ATACAMA,03,Área afectada,AF-ATACAMA-57,PERALES,"Fotointerpretación con control de terreno de imágenes Digital Globe 20150406, Rapideye 20150402, Google Earth y Cartografía Geológica de Sernageomin",Servicio Nacional de Geología y Minería,NO OPERATIVO,ALTO DEL CARMEN,03302,HUASCO,033,566.299336976,5525.63720703
131,570,ATACAMA,03,Área afectada,AF-ATACAMA-58,EL OLIVO,"Fotointerpretación con control de terreno de imágenes Digital Globe 20150406, Rapideye 20150402, Google Earth y Cartografía Geológica de Sernageomin",Servicio Nacional de Geología y Minería,NO OPERATIVO,ALTO DEL CARMEN,03302,HUASCO,033,114.337997357,880.043457031
132,571,ATACAMA,03,Área afectada,AF-ATACAMA-59,EL OLIVO,"Fotointerpretación con control de terreno de imágenes Digital Globe 20150406, Rapideye 20150402, Google Earth y Cartografía Geológica de Sernageomin",Servicio Nacional de Geología y Minería,NO OPERATIVO,ALTO DEL CARMEN,03302,HUASCO,033,71.82393783,388.435302734
133,572,ATACAMA,03,Área afectada,AF-ATACAMA-60,CHIGUINTO,"Fotointerpretación con control de terreno de imágenes Digital Globe 20150406, Rapideye 20150402, Google Earth y Cartografía Geológica de Sernageomin",Servicio Nacional de Geología y Minería,NO OPERATIVO,ALTO DEL CARMEN,03302,HUASCO,033,601.764929251,4689.65405273
134,573,ATACAMA,03,Área afectada,AF-ATACAMA-61,TERRÓN,"Fotointerpretación con control de terreno de imágenes Digital Globe 20150406, Rapideye 20150402, Google Earth y Cartografía Geológica de Sernageomin",Servicio Nacional de Geología y Minería,NO OPERATIVO,ALTO DEL CARMEN,03302,HUASCO,033,2435.9081464,23833.6479492
135,574,ATACAMA,03,Área afectada,AF-ATACAMA-62,TERRÓN,"Fotointerpretación con control de terreno de imágenes Digital Globe 20150406, Rapideye 20150402, Google Earth y Cartografía Geológica de Sernageomin",Servicio Nacional de Geología y Minería,NO OPERATIVO,ALTO DEL CARMEN,03302,HUASCO,033,741.615774295,19957.800293
136,575,ATACAMA,03,Área afectada,AF-ATACAMA-62,QDA. LA PLACETA,"Fotointerpretación con control de terreno de imágenes Digital Globe 20150406, Rapideye 20150402, Google Earth y Cartografía Geológica de Sernageomin",Servicio Nacional de Geología y Minería,NO OPERATIVO,ALTO DEL CARMEN,03302,HUASCO,033,2007.42756074,53849.5668945
137,576,ATACAMA,03,Área afectada,AF-ATACAMA-63,PUNTA NEGRA,"Fotointerpretación con control de terreno de imágenes Digital Globe 20150406, Rapideye 20150402, Google Earth y Cartografía Geológica de Sernageomin",Servicio Nacional de Geología y Minería,NO OPERATIVO,ALTO DEL CARMEN,03302,HUASCO,033,3347.10693865,103477.204834
138,577,ATACAMA,03,Área afectada,AF-ATACAMA-64,PUNTA NEGRA,"Fotointerpretación con control de terreno de imágenes Digital Globe 20150406, Rapideye 20150402, Google Earth y Cartografía Geológica de Sernageomin",Servicio Nacional de Geología y Minería,NO OPERATIVO,ALTO DEL CARMEN,03302,HUASCO,033,998.496826438,8153.98608398
139,578,ATACAMA,03,Área afectada,AF-ATACAMA-65,PUNTA NEGRA,"Fotointerpretación con control de terreno de imágenes Digital Globe 20150406, Rapideye 20150402, Google Earth y Cartografía Geológica de Sernageomin",Servicio Nacional de Geología y Minería,NO OPERATIVO,ALTO DEL CARMEN,03302,HUASCO,033,558.589006756,4462.1328125
140,579,ATACAMA,03,Área afectada,AF-ATACAMA-66,TERRÓN,"Fotointerpretación con control de terreno de imágenes Digital Globe 20150406, Rapideye 20150402, Google Earth y Cartografía Geológica de Sernageomin",Servicio Nacional de Geología y Minería,NO OPERATIVO,ALTO DEL CARMEN,03302,HUASCO,033,1242.61270831,39460.5612793
141,580,ATACAMA,03,Área afectada,AF-ATACAMA-67,TERRÓN,"Fotointerpretación con control de terreno de imágenes Digital Globe 20150406, Rapideye 20150402, Google Earth y Cartografía Geológica de Sernageomin",Servicio Nacional de Geología y Minería,NO OPERATIVO,ALTO DEL CARMEN,03302,HUASCO,033,879.26959791,27136.0300293
142,581,ATACAMA,03,Área afectada,AF-ATACAMA-68,PUNTA NEGRA,"Fotointerpretación con control de terreno de imágenes Digital Globe 20150406, Rapideye 20150402, Google Earth y Cartografía Geológica de Sernageomin",Servicio Nacional de Geología y Minería,NO OPERATIVO,ALTO DEL CARMEN,03302,HUASCO,033,813.927981948,4501.93945313
143,582,ATACAMA,03,Área afectada,AF-ATACAMA-69,TERRÓN,"Fotointerpretación con control de terreno de imágenes Digital Globe 20150406, Rapideye 20150402, Google Earth y Cartografía Geológica de Sernageomin",Servicio Nacional de Geología y Minería,NO OPERATIVO,ALTO DEL CARMEN,03302,HUASCO,033,448.037810357,5586.56567383
144,583,ATACAMA,03,Área afectada,AF-ATACAMA-70,CHIGUINTO,"Fotointerpretación con control de terreno de imágenes Digital Globe 20150406, Rapideye 20150402, Google Earth y Cartografía Geológica de Sernageomin",Servicio Nacional de Geología y Minería,NO OPERATIVO,ALTO DEL CARMEN,03302,HUASCO,033,582.471387696,6653.28320313
145,584,ATACAMA,03,Área afectada,AF-ATACAMA-71,TERRÓN,"Fotointerpretación con control de terreno de imágenes Digital Globe 20150406, Rapideye 20150402, Google Earth y Cartografía Geológica de Sernageomin",Servicio Nacional de Geología y Minería,NO OPERATIVO,ALTO DEL CARMEN,03302,HUASCO,033,482.03424755,7187.2734375
146,585,ATACAMA,03,Área afectada,AF-ATACAMA-72,MARQUEZA,"Fotointerpretación con control de terreno de imágenes Digital Globe 20150406, Rapideye 20150402, Google Earth y Cartografía Geológica de Sernageomin",Servicio Nacional de Geología y Minería,NO OPERATIVO,ALTO DEL CARMEN,03302,HUASCO,033,895.953867608,6559.02978516
147,586,ATACAMA,03,Área afectada,AF-ATACAMA-73,LAS PIRCAS,"Fotointerpretación con control de terreno de imágenes Digital Globe 20150406, Rapideye 20150402, Google Earth y Cartografía Geológica de Sernageomin",Servicio Nacional de Geología y Minería,NO OPERATIVO,ALTO DEL CARMEN,03302,HUASCO,033,3529.78813305,52376.4226074
148,587,ATACAMA,03,Área afectada,AF-ATACAMA-74,LA VEGA,"Fotointerpretación con control de terreno de imágenes Digital Globe 20150406, Rapideye 20150402, Google Earth y Cartografía Geológica de Sernageomin",Servicio Nacional de Geología y Minería,NO OPERATIVO,ALTO DEL CARMEN,03302,HUASCO,033,1386.77200508,13468.7966309
149,588,ATACAMA,03,Área afectada,AF-ATACAMA-75,LA VEGA,"Fotointerpretación con control de terreno de imágenes Digital Globe 20150406, Rapideye 20150402, Google Earth y Cartografía Geológica de Sernageomin",Servicio Nacional de Geología y Minería,NO OPERATIVO,ALTO DEL CARMEN,03302,HUASCO,033,1106.87442486,12964.9255371
150,589,ATACAMA,03,Área afectada,AF-ATACAMA-76,LA VEGA/LA PUNTILLA,"Fotointerpretación con control de terreno de imágenes Digital Globe 20150406, Rapideye 20150402, Google Earth y Cartografía Geológica de Sernageomin",Servicio Nacional de Geología y Minería,NO OPERATIVO,ALTO DEL CARMEN,03302,HUASCO,033,432.475523592,3900.74511719
151,590,ATACAMA,03,Área afectada,AF-ATACAMA-77,LA VEGA/LA PUNTILLA,"Fotointerpretación con control de terreno de imágenes Digital Globe 20150406, Rapideye 20150402, Google Earth y Cartografía Geológica de Sernageomin",Servicio Nacional de Geología y Minería,NO OPERATIVO,ALTO DEL CARMEN,03302,HUASCO,033,270.884824493,1965.99438477
152,591,ATACAMA,03,Área afectada,AF-ATACAMA-78,LA VEGA/LA PUNTILLA,"Fotointerpretación con control de terreno de imágenes Digital Globe 20150406, Rapideye 20150402, Google Earth y Cartografía Geológica de Sernageomin",Servicio Nacional de Geología y Minería,NO OPERATIVO,ALTO DEL CARMEN,03302,HUASCO,033,651.333819281,6189.13500977
153,592,ATACAMA,03,Área afectada,AF-ATACAMA-79,LA VEGA/LA PUNTILLA,"Fotointerpretación con control de terreno de imágenes Digital Globe 20150406, Rapideye 20150402, Google Earth y Cartografía Geológica de Sernageomin",Servicio Nacional de Geología y Minería,NO OPERATIVO,ALTO DEL CARMEN,03302,HUASCO,033,836.673074149,13979.6633301
154,593,ATACAMA,03,Área afectada,AF-ATACAMA-80,LA VEGA/LA PUNTILLA,"Fotointerpretación con control de terreno de imágenes Digital Globe 20150406, Rapideye 20150402, Google Earth y Cartografía Geológica de Sernageomin",Servicio Nacional de Geología y Minería,NO OPERATIVO,ALTO DEL CARMEN,03302,HUASCO,033,1620.45601673,56901.5358887
155,594,ATACAMA,03,Área afectada,AF-ATACAMA-81,LA PUNTILLA,"Fotointerpretación con control de terreno de imágenes Digital Globe 20150406, Rapideye 20150402, Google Earth y Cartografía Geológica de Sernageomin",Servicio Nacional de Geología y Minería,NO OPERATIVO,ALTO DEL CARMEN,03302,HUASCO,033,828.132076371,21721.8796387
156,595,ATACAMA,03,Área afectada,AF-ATACAMA-82,LA PUNTILLA,"Fotointerpretación con control de terreno de imágenes Digital Globe 20150406, Rapideye 20150402, Google Earth y Cartografía Geológica de Sernageomin",Servicio Nacional de Geología y Minería,NO OPERATIVO,ALTO DEL CARMEN,03302,HUASCO,033,127.507742961,530.178710938
157,596,ATACAMA,03,Área afectada,AF-ATACAMA-83,QDA. ALGARROBAL,"Fotointerpretación con control de terreno de imágenes Digital Globe 20150406, Rapideye 20150402, Google Earth y Cartografía Geológica de Sernageomin",Servicio Nacional de Geología y Minería,NO OPERATIVO,ALTO DEL CARMEN,03302,HUASCO,033,721.62357893,15906.0852051
158,597,ATACAMA,03,Área afectada,AF-ATACAMA-84,CRUCECITA BAJA,"Fotointerpretación con control de terreno de imágenes Digital Globe 20150406, Rapideye 20150402, Google Earth y Cartografía Geológica de Sernageomin",Servicio Nacional de Geología y Minería,NO OPERATIVO,ALTO DEL CARMEN,03302,HUASCO,033,596.335491399,8407.87011719
159,598,ATACAMA,03,Área afectada,AF-ATACAMA-85,QDA. EL ABRA,"Fotointerpretación con control de terreno de imágenes Digital Globe 20150406, Rapideye 20150402, Google Earth y Cartografía Geológica de Sernageomin",Servicio Nacional de Geología y Minería,NO OPERATIVO,ALTO DEL CARMEN,03302,HUASCO,033,1561.79383485,23436.8974609
160,599,ATACAMA,03,Área afectada,AF-ATACAMA-86,QDA. EL ABRA,"Fotointerpretación con control de terreno de imágenes Digital Globe 20150406, Rapideye 20150402, Google Earth y Cartografía Geológica de Sernageomin",Servicio Nacional de Geología y Minería,NO OPERATIVO,ALTO DEL CARMEN,03302,HUASCO,033,1685.14739415,20142.2038574
161,600,ATACAMA,03,Área afectada,AF-ATACAMA-87,LOS CANALES,"Fotointerpretación con control de terreno de imágenes Digital Globe 20150406, Rapideye 20150402, Google Earth y Cartografía Geológica de Sernageomin",Servicio Nacional de Geología y Minería,NO OPERATIVO,ALTO DEL CARMEN,03302,HUASCO,033,710.978199625,7746.24658203
162,601,ATACAMA,03,Área afectada,AF-ATACAMA-88,LOS CANALES,"Fotointerpretación con control de terreno de imágenes Digital Globe 20150406, Rapideye 20150402, Google Earth y Cartografía Geológica de Sernageomin",Servicio Nacional de Geología y Minería,NO OPERATIVO,ALTO DEL CARMEN,03302,HUASCO,033,2160.15582187,18770.8637695
163,602,ATACAMA,03,Área afectada,AF-ATACAMA-89,LA PUNTILLA,"Fotointerpretación con control de terreno de imágenes Digital Globe 20150406, Rapideye 20150402, Google Earth y Cartografía Geológica de Sernageomin",Servicio Nacional de Geología y Minería,NO OPERATIVO,ALTO DEL CARMEN,03302,HUASCO,033,1964.07634726,68605.0810547
164,603,ATACAMA,03,Área afectada,AF-ATACAMA-90,RETAMO,"Fotointerpretación con control de terreno de imágenes Digital Globe 20150406, Rapideye 20150402, Google Earth y Cartografía Geológica de Sernageomin",Servicio Nacional de Geología y Minería,NO OPERATIVO,ALTO DEL CARMEN,03302,HUASCO,033,1145.76854962,29281.736084
165,605,ATACAMA,03,Área afectada,AF-ATACAMA-91,MESILLA,"Fotointerpretación con control de terreno de imágenes Digital Globe 20150406, Rapideye 20150402, Google Earth y Cartografía Geológica de Sernageomin",Servicio Nacional de Geología y Minería,NO OPERATIVO,ALTO DEL CARMEN,03302,HUASCO,033,423.158514104,4699.43652344
166,606,ATACAMA,03,Área afectada,AF-ATACAMA-92,QDA. LOS CHAÑARES,"Fotointerpretación con control de terreno de imágenes Digital Globe 20150406, Rapideye 20150402, Google Earth y Cartografía Geológica de Sernageomin",Servicio Nacional de Geología y Minería,NO OPERATIVO,ALTO DEL CARMEN,03302,HUASCO,033,1167.43995002,13985.9326172
167,607,ATACAMA,03,Área afectada,AF-ATACAMA-93,LA VEGA,"Fotointerpretación con control de terreno de imágenes Digital Globe 20150406, Rapideye 20150402, Google Earth y Cartografía Geológica de Sernageomin",Servicio Nacional de Geología y Minería,NO OPERATIVO,ALTO DEL CARMEN,03302,HUASCO,033,580.151306063,5406.78686523
168,608,ATACAMA,03,Área afectada,AF-ATACAMA-94,RÍO DEL CARMEN,"Fotointerpretación con control de terreno de imágenes Digital Globe 20150406, Rapideye 20150402, Google Earth y Cartografía Geológica de Sernageomin",Servicio Nacional de Geología y Minería,NO OPERATIVO,ALTO DEL CARMEN,03302,HUASCO,033,731.116208642,6020.43725586
169,609,ATACAMA,03,Área afectada,AF-ATACAMA-95,QDA. EL ROSARIO,"Fotointerpretación con control de terreno de imágenes Digital Globe 20150406, Rapideye 20150402, Google Earth y Cartografía Geológica de Sernageomin",Servicio Nacional de Geología y Minería,NO OPERATIVO,ALTO DEL CARMEN,03302,HUASCO,033,76.7850292578,87.115234375
170,610,ATACAMA,03,Área afectada,AF-ATACAMA-96,QDA. EL ROSARIO,"Fotointerpretación con control de terreno de imágenes Digital Globe 20150406, Rapideye 20150402, Google Earth y Cartografía Geológica de Sernageomin",Servicio Nacional de Geología y Minería,NO OPERATIVO,ALTO DEL CARMEN,03302,HUASCO,033,64.1274041787,65.23828125
171,611,ATACAMA,03,Área afectada,AF-ATACAMA-97,QDA. EL ROSARIO,"Fotointerpretación con control de terreno de imágenes Digital Globe 20150406, Rapideye 20150402, Google Earth y Cartografía Geológica de Sernageomin",Servicio Nacional de Geología y Minería,NO OPERATIVO,ALTO DEL CARMEN,03302,HUASCO,033,94.8974208354,314.361083984
172,612,ATACAMA,03,Área afectada,AF-ATACAMA-98,LA PUNTILLA,"Fotointerpretación con control de terreno de imágenes Digital Globe 20150406, Rapideye 20150402, Google Earth y Cartografía Geológica de Sernageomin",Servicio Nacional de Geología y Minería,NO OPERATIVO,ALTO DEL CARMEN,03302,HUASCO,033,250.417642849,1196.08227539
173,613,ATACAMA,03,Área afectada,AF-ATACAMA-26,QUEBRADA EL TABACO,"Fotointerpretación con control de terreno de imágenes Digital Globe 20150406, Rapideye 20150402, Google Earth y Cartografía Geológica de Sernageomin",Servicio Nacional de Geología y Minería,NO OPERATIVO,ALTO DEL CARMEN,03302,HUASCO,033,395.863987198,2379.79003906
174,614,ATACAMA,03,Área afectada,AF-ATACAMA-46,QUEBRADA EL TABACO,"Fotointerpretación con control de terreno de imágenes Digital Globe 20150406, Rapideye 20150402, Google Earth y Cartografía Geológica de Sernageomin",Servicio Nacional de Geología y Minería,NO OPERATIVO,ALTO DEL CARMEN,03302,HUASCO,033,242.723436062,1571.36181641
175,615,ATACAMA,03,Área afectada,AF-ATACAMA-47,QUEBRADA EL TABACO,"Fotointerpretación con control de terreno de imágenes Digital Globe 20150406, Rapideye 20150402, Google Earth y Cartografía Geológica de Sernageomin",Servicio Nacional de Geología y Minería,NO OPERATIVO,ALTO DEL CARMEN,03302,HUASCO,033,566.717485269,5696.14599609
176,617,ATACAMA,03,Área afectada,AF-ATACAMA-28,EL TRÁNSITO,"Fotointerpretación con control de terreno de imágenes Digital Globe 20150406, Rapideye 20150402, Google Earth y Cartografía Geológica de Sernageomin",Servicio Nacional de Geología y Minería,NO OPERATIVO,ALTO DEL CARMEN,03302,HUASCO,033,288.00174426,1452.82836914
177,618,ATACAMA,03,Área afectada,AF-ATACAMA-49,EL TRÁNSITO,"Fotointerpretación con control de terreno de imágenes Digital Globe 20150406, Rapideye 20150402, Google Earth y Cartografía Geológica de Sernageomin",Servicio Nacional de Geología y Minería,NO OPERATIVO,ALTO DEL CARMEN,03302,HUASCO,033,391.883010867,2937.73339844
178,620,ATACAMA,03,Área afectada,AF-ATACAMA-27,EL TRÁNSITO,"Fotointerpretación con control de terreno de imágenes Digital Globe 20150406, Rapideye 20150402, Google Earth y Cartografía Geológica de Sernageomin",Servicio Nacional de Geología y Minería,NO OPERATIVO,ALTO DEL CARMEN,03302,HUASCO,033,894.735371673,15177.9838867
179,622,ATACAMA,03,Área afectada,AF-ATACAMA-29,EL TRÁNSITO,"Fotointerpretación con control de terreno de imágenes Digital Globe 20150406, Rapideye 20150402, Google Earth y Cartografía Geológica de Sernageomin",Servicio Nacional de Geología y Minería,NO OPERATIVO,ALTO DEL CARMEN,03302,HUASCO,033,1994.37582312,48617.0087891
180,624,ATACAMA,03,Área afectada,AF-ATACAMA-50,EL TRÁNSITO,"Fotointerpretación con control de terreno de imágenes Digital Globe 20150406, Rapideye 20150402, Google Earth y Cartografía Geológica de Sernageomin",Servicio Nacional de Geología y Minería,NO OPERATIVO,ALTO DEL CARMEN,03302,HUASCO,033,930.524282842,14194.8813477
181,626,ATACAMA,03,Área afectada,AF-ATACAMA-48,QUEBRADA EL TABACO,"Fotointerpretación con control de terreno de imágenes Digital Globe 20150406, Rapideye 20150402, Google Earth y Cartografía Geológica de Sernageomin",Servicio Nacional de Geología y Minería,NO OPERATIVO,ALTO DEL CARMEN,03302,HUASCO,033,1571.37470898,19831.277832
182,628,ATACAMA,03,Área afectada,AF-ATACAMA-25,RIO DEL CARMEN,"Fotointerpretación con control de terreno de imágenes Digital Globe 20150406, Rapideye 20150402, Google Earth y Cartografía Geológica de Sernageomin",Servicio Nacional de Geología y Minería,NO OPERATIVO,ALTO DEL CARMEN,03302,HUASCO,033,2137.69893077,30671.5197754
183,630,ATACAMA,03,Área afectada,AF-ATACAMA-24,RIO DEL CARMEN,"Fotointerpretación con control de terreno de imágenes Digital Globe 20150406, Rapideye 20150402, Google Earth y Cartografía Geológica de Sernageomin",Servicio Nacional de Geología y Minería,NO OPERATIVO,ALTO DEL CARMEN,03302,HUASCO,033,4716.74932969,168692.057373
184,632,ATACAMA,03,Área afectada,AF-ATACAMA-30,RIO DEL CARMEN,"Fotointerpretación con control de terreno de imágenes Digital Globe 20150406, Rapideye 20150402, Google Earth y Cartografía Geológica de Sernageomin",Servicio Nacional de Geología y Minería,NO OPERATIVO,ALTO DEL CARMEN,03302,HUASCO,033,3029.66338291,41367.3137207
185,634,ATACAMA,03,Área afectada,AF-ATACAMA-31,CHIGUINTO,"Fotointerpretación con control de terreno de imágenes Digital Globe 20150406, Rapideye 20150402, Google Earth y Cartografía Geológica de Sernageomin",Servicio Nacional de Geología y Minería,NO OPERATIVO,ALTO DEL CARMEN,03302,HUASCO,033,895.873367904,11278.4663086
186,636,ATACAMA,03,Área afectada,AF-ATACAMA-36,PERALES,"Fotointerpretación con control de terreno de imágenes Digital Globe 20150406, Rapideye 20150402, Google Earth y Cartografía Geológica de Sernageomin",Servicio Nacional de Geología y Minería,NO OPERATIVO,ALTO DEL CARMEN,03302,HUASCO,033,498.911175504,6328.09863281
187,638,ATACAMA,03,Área afectada,AF-ATACAMA-37,PERALES,"Fotointerpretación con control de terreno de imágenes Digital Globe 20150406, Rapideye 20150402, Google Earth y Cartografía Geológica de Sernageomin",Servicio Nacional de Geología y Minería,NO OPERATIVO,ALTO DEL CARMEN,03302,HUASCO,033,1163.69164579,27271.451416
188,640,ATACAMA,03,Área afectada,AF-ATACAMA-35,PERALES,"Fotointerpretación con control de terreno de imágenes Digital Globe 20150406, Rapideye 20150402, Google Earth y Cartografía Geológica de Sernageomin",Servicio Nacional de Geología y Minería,NO OPERATIVO,ALTO DEL CARMEN,03302,HUASCO,033,630.608343813,7779.3125
189,642,ATACAMA,03,Área afectada,AF-ATACAMA-34,PERALES,"Fotointerpretación con control de terreno de imágenes Digital Globe 20150406, Rapideye 20150402, Google Earth y Cartografía Geológica de Sernageomin",Servicio Nacional de Geología y Minería,NO OPERATIVO,ALTO DEL CARMEN,03302,HUASCO,033,271.5874003,770.302001953
190,644,ATACAMA,03,Área afectada,AF-ATACAMA-33,PERALES,"Fotointerpretación con control de terreno de imágenes Digital Globe 20150406, Rapideye 20150402, Google Earth y Cartografía Geológica de Sernageomin",Servicio Nacional de Geología y Minería,NO OPERATIVO,ALTO DEL CARMEN,03302,HUASCO,033,279.654192481,2382.75024414
191,646,ATACAMA,03,Área afectada,AF-ATACAMA-32,PERALES,"Fotointerpretación con control de terreno de imágenes Digital Globe 20150406, Rapideye 20150402, Google Earth y Cartografía Geológica de Sernageomin",Servicio Nacional de Geología y Minería,NO OPERATIVO,ALTO DEL CARMEN,03302,HUASCO,033,154.88142368,742.152587891
192,648,ATACAMA,03,Área afectada,AF-ATACAMA-22,EL TRÁNSITO,"Fotointerpretación con control de terreno de imágenes Digital Globe 20150406, Rapideye 20150402, Google Earth y Cartografía Geológica de Sernageomin",Servicio Nacional de Geología y Minería,NO OPERATIVO,ALTO DEL CARMEN,03302,HUASCO,033,426.061547317,1136.13183594
193,650,ATACAMA,03,Área afectada,AF-ATACAMA-21,EL TRÁNSITO,"Fotointerpretación con control de terreno de imágenes Digital Globe 20150406, Rapideye 20150402, Google Earth y Cartografía Geológica de Sernageomin",Servicio Nacional de Geología y Minería,NO OPERATIVO,ALTO DEL CARMEN,03302,HUASCO,033,943.711254145,5834.22265625
194,652,ATACAMA,03,Área afectada,AF-ATACAMA-20,EL TRÁNSITO,"Fotointerpretación con control de terreno de imágenes Digital Globe 20150406, Rapideye 20150402, Google Earth y Cartografía Geológica de Sernageomin",Servicio Nacional de Geología y Minería,NO OPERATIVO,ALTO DEL CARMEN,03302,HUASCO,033,1711.7908785,8772.15771484
195,654,ATACAMA,03,Área afectada,AF-ATACAMA-19,EL TRÁNSITO,"Fotointerpretación con control de terreno de imágenes Digital Globe 20150406, Rapideye 20150402, Google Earth y Cartografía Geológica de Sernageomin",Servicio Nacional de Geología y Minería,NO OPERATIVO,ALTO DEL CARMEN,03302,HUASCO,033,526.715303884,1708.39306641
196,656,ATACAMA,03,Área afectada,AF-ATACAMA-18,EL TRÁNSITO,"Fotointerpretación con control de terreno de imágenes Digital Globe 20150406, Rapideye 20150402, Google Earth y Cartografía Geológica de Sernageomin",Servicio Nacional de Geología y Minería,NO OPERATIVO,ALTO DEL CARMEN,03302,HUASCO,033,420.129063286,2915.02563477
197,658,ATACAMA,03,Área afectada,AF-ATACAMA-16,EL TRÁNSITO,"Fotointerpretación con control de terreno de imágenes Digital Globe 20150406, Rapideye 20150402, Google Earth y Cartografía Geológica de Sernageomin",Servicio Nacional de Geología y Minería,NO OPERATIVO,ALTO DEL CARMEN,03302,HUASCO,033,394.82386956,1270.42626953
198,660,ATACAMA,03,Área afectada,AF-ATACAMA-43,EL TRÁNSITO,"Fotointerpretación con control de terreno de imágenes Digital Globe 20150406, Rapideye 20150402, Google Earth y Cartografía Geológica de Sernageomin",Servicio Nacional de Geología y Minería,NO OPERATIVO,ALTO DEL CARMEN,03302,HUASCO,033,216.571806423,1612.25024414
199,662,ATACAMA,03,Área afectada,AF-ATACAMA-42,EL TRÁNSITO,"Fotointerpretación con control de terreno de imágenes Digital Globe 20150406, Rapideye 20150402, Google Earth y Cartografía Geológica de Sernageomin",Servicio Nacional de Geología y Minería,NO OPERATIVO,ALTO DEL CARMEN,03302,HUASCO,033,531.941430007,2274.05761719
200,664,ATACAMA,03,Área afectada,AF-ATACAMA-41,EL TRÁNSITO,"Fotointerpretación con control de terreno de imágenes Digital Globe 20150406, Rapideye 20150402, Google Earth y Cartografía Geológica de Sernageomin",Servicio Nacional de Geología y Minería,NO OPERATIVO,ALTO DEL CARMEN,03302,HUASCO,033,1357.67863382,5752.19018555
201,666,ATACAMA,03,Área afectada,AF-ATACAMA-40,EL TRÁNSITO,"Fotointerpretación con control de terreno de imágenes Digital Globe 20150406, Rapideye 20150402, Google Earth y Cartografía Geológica de Sernageomin",Servicio Nacional de Geología y Minería,NO OPERATIVO,ALTO DEL CARMEN,03302,HUASCO,033,391.164595916,2270.35522461
202,668,ATACAMA,03,Área afectada,AF-ATACAMA-39,EL TRÁNSITO,"Fotointerpretación con control de terreno de imágenes Digital Globe 20150406, Rapideye 20150402, Google Earth y Cartografía Geológica de Sernageomin",Servicio Nacional de Geología y Minería,NO OPERATIVO,ALTO DEL CARMEN,03302,HUASCO,033,755.518256528,1697.26049805
203,670,ATACAMA,03,Área afectada,AF-ATACAMA-38,EL TRÁNSITO,"Fotointerpretación con control de terreno de imágenes Digital Globe 20150406, Rapideye 20150402, Google Earth y Cartografía Geológica de Sernageomin",Servicio Nacional de Geología y Minería,NO OPERATIVO,ALTO DEL CARMEN,03302,HUASCO,033,189.695589449,402.199707031
204,699,ATACAMA,03,Área propuesta acopio,AA-ATACAMA-01,CRUCECITA BAJA,"Levantamiento en terreno, Google Earth y Cartografía Geológica de Sernageomin",Servicio Nacional de Geología y Minería,SIN INFORMACION,ALTO DEL CARMEN,03302,HUASCO,033,178.891456698,2017.62133789
205,700,ATACAMA,03,Área propuesta acopio,AA-ATACAMA-02,CRUCECITA BAJA,"Levantamiento en terreno, Google Earth y Cartografía Geológica de Sernageomin",Servicio Nacional de Geología y Minería,SIN INFORMACION,ALTO DEL CARMEN,03302,HUASCO,033,144.23442507,1277.05395508
206,701,ATACAMA,03,Área propuesta campamento,AC-ATACAMA-45,LOS CANALES,"Levantamiento en terreno, Google Earth y Cartografía Geológica de Sernageomin",Servicio Nacional de Geología y Minería,SIN INFORMACION,ALTO DEL CARMEN,03302,HUASCO,033,295.164528253,5623.23193359
207,702,ATACAMA,03,Área propuesta acopio,AA-ATACAMA-03,TERRÓN,"Levantamiento en terreno, Google Earth y Cartografía Geológica de Sernageomin",Servicio Nacional de Geología y Minería,SIN INFORMACION,ALTO DEL CARMEN,03302,HUASCO,033,249.677121318,2763.36791992
208,703,ATACAMA,03,Área propuesta evacuación,AE-ATACAMA-51,CHANCHOQUIN,"Levantamiento en terreno, Google Earth y Cartografía Geológica de Sernageomin",Servicio Nacional de Geología y Minería,SIN INFORMACION,ALTO DEL CARMEN,03302,HUASCO,033,408.158177824,9645.14306641
209,704,ATACAMA,03,Área propuesta evacuación,AE-ATACAMA-52,CHANCHOQUIN,"Levantamiento en terreno, Google Earth y Cartografía Geológica de Sernageomin",Servicio Nacional de Geología y Minería,SIN INFORMACION,ALTO DEL CARMEN,03302,HUASCO,033,255.760451711,2278.09399414
210,705,ATACAMA,03,Área propuesta acopio,AA-ATACAMA-04,CHANCHOQUIN,"Levantamiento en terreno, Google Earth y Cartografía Geológica de Sernageomin",Servicio Nacional de Geología y Minería,SIN INFORMACION,ALTO DEL CARMEN,03302,HUASCO,033,596.49085314,20341.4345703
211,706,ATACAMA,03,Área propuesta campamento,AC-ATACAMA-46,EL TRÁNSITO,"Levantamiento en terreno, Google Earth y Cartografía Geológica de Sernageomin",Servicio Nacional de Geología y Minería,SIN INFORMACION,ALTO DEL CARMEN,03302,HUASCO,033,1215.69285831,79738.9812012
212,707,ATACAMA,03,Área propuesta acopio,AA-ATACAMA-05,EL OLIVO,"Levantamiento en terreno, Google Earth y Cartografía Geológica de Sernageomin",Servicio Nacional de Geología y Minería,SIN INFORMACION,ALTO DEL CARMEN,03302,HUASCO,033,683.923739686,17168.7399902
213,708,ATACAMA,03,Área propuesta evacuación,AE-ATACAMA-53,ALTO DEL CARMEN,"Levantamiento en terreno, Google Earth y Cartografía Geológica de Sernageomin",Servicio Nacional de Geología y Minería,SIN INFORMACION,ALTO DEL CARMEN,03302,HUASCO,033,299.653653908,4666.87231445
214,709,ATACAMA,03,Área propuesta evacuación,AE-ATACAMA-54,RETAMO,"Levantamiento en terreno, Google Earth y Cartografía Geológica de Sernageomin",Servicio Nacional de Geología y Minería,SIN INFORMACION,ALTO DEL CARMEN,03302,HUASCO,033,197.467977696,2397.38916016
215,710,ATACAMA,03,Área propuesta evacuación,AE-ATACAMA-55,CRUCECITA BAJA,"Levantamiento en terreno, Google Earth y Cartografía Geológica de Sernageomin",Servicio Nacional de Geología y Minería,SIN INFORMACION,ALTO DEL CARMEN,03302,HUASCO,033,113.637556063,857.746582031
216,711,ATACAMA,03,Área propuesta evacuación,AE-ATACAMA-56,CRUCECITA BAJA,"Levantamiento en terreno, Google Earth y Cartografía Geológica de Sernageomin",Servicio Nacional de Geología y Minería,SIN INFORMACION,ALTO DEL CARMEN,03302,HUASCO,033,303.517015348,3814.95532227
217,712,ATACAMA,03,Área propuesta evacuación,AE-ATACAMA-57,CRUCECITA ALTA,"Levantamiento en terreno, Google Earth y Cartografía Geológica de Sernageomin",Servicio Nacional de Geología y Minería,SIN INFORMACION,ALTO DEL CARMEN,03302,HUASCO,033,168.159150874,1996.28295898
218,713,ATACAMA,03,Área propuesta acopio,AA-ATACAMA-06,QDA. EL ABRA,"Levantamiento en terreno, Google Earth y Cartografía Geológica de Sernageomin",Servicio Nacional de Geología y Minería,SIN INFORMACION,ALTO DEL CARMEN,03302,HUASCO,033,178.805175217,1974.85986328
219,714,ATACAMA,03,Área propuesta acopio,AA-ATACAMA-07,QDA. EL ABRA,"Levantamiento en terreno, Google Earth y Cartografía Geológica de Sernageomin",Servicio Nacional de Geología y Minería,SIN INFORMACION,ALTO DEL CARMEN,03302,HUASCO,033,219.38039192,3400.44970703
220,715,ATACAMA,03,Área propuesta acopio,AA-ATACAMA-08,LA MAJADA,"Levantamiento en terreno, Google Earth y Cartografía Geológica de Sernageomin",Servicio Nacional de Geología y Minería,SIN INFORMACION,ALTO DEL CARMEN,03302,HUASCO,033,497.692459224,14458.6586914
221,716,ATACAMA,03,Área propuesta campamento,AC-ATACAMA-47,SAN FÉLIX,"Levantamiento en terreno, Google Earth y Cartografía Geológica de Sernageomin",Servicio Nacional de Geología y Minería,SIN INFORMACION,ALTO DEL CARMEN,03302,HUASCO,033,646.970375035,22626.1413574
222,717,ATACAMA,03,Área propuesta evacuación,AE-ATACAMA-58,SAN FÉLIX,"Levantamiento en terreno, Google Earth y Cartografía Geológica de Sernageomin",Servicio Nacional de Geología y Minería,SIN INFORMACION,ALTO DEL CARMEN,03302,HUASCO,033,428.076577263,9250.11352539
223,718,ATACAMA,03,Área propuesta evacuación,AE-ATACAMA-59,LA MAJADA,"Levantamiento en terreno, Google Earth y Cartografía Geológica de Sernageomin",Servicio Nacional de Geología y Minería,SIN INFORMACION,ALTO DEL CARMEN,03302,HUASCO,033,414.702052523,8989.43969727
224,722,ATACAMA,03,Área propuesta acopio,AA-ATACAMA-09,CHIGUINTO,"Levantamiento en terreno, Google Earth y Cartografía Geológica de Sernageomin",Servicio Nacional de Geología y Minería,SIN INFORMACION,ALTO DEL CARMEN,03302,HUASCO,033,325.028887765,6616.5793457
225,723,ATACAMA,03,Área propuesta acopio,AA-ATACAMA-10,CHIGUINTO,"Levantamiento en terreno, Google Earth y Cartografía Geológica de Sernageomin",Servicio Nacional de Geología y Minería,SIN INFORMACION,ALTO DEL CARMEN,03302,HUASCO,033,291.443075543,4414.03833008
226,724,ATACAMA,03,Área propuesta acopio,AA-ATACAMA-11,LOS CANALES,"Levantamiento en terreno, Google Earth y Cartografía Geológica de Sernageomin",Servicio Nacional de Geología y Minería,SIN INFORMACION,ALTO DEL CARMEN,03302,HUASCO,033,442.605202213,9568.9777832
227,725,ATACAMA,03,Área propuesta acopio,AA-ATACAMA-12,SAN FÉLIX,"Levantamiento en terreno, Google Earth y Cartografía Geológica de Sernageomin",Servicio Nacional de Geología y Minería,SIN INFORMACION,ALTO DEL CARMEN,03302,HUASCO,033,383.321008886,8850.25268555
228,726,ATACAMA,03,Área propuesta evacuación,AE-ATACAMA-60,LOS CANALES,"Levantamiento en terreno, Google Earth y Cartografía Geológica de Sernageomin",Servicio Nacional de Geología y Minería,SIN INFORMACION,ALTO DEL CARMEN,03302,HUASCO,033,235.480644227,3581.79614258
229,727,ATACAMA,03,Área propuesta evacuación,AE-ATACAMA-43,RIO DEL CARMEN,"Levantamiento en terreno, Google Earth y Cartografía Geológica de Sernageomin",Servicio Nacional de Geología y Minería,SIN INFORMACION,ALTO DEL CARMEN,03302,HUASCO,033,602.888813997,24542.5927734
230,729,ATACAMA,03,Área propuesta campamento,AC-ATACAMA-37,RIO DEL CARMEN,"Levantamiento en terreno, Google Earth y Cartografía Geológica de Sernageomin",Servicio Nacional de Geología y Minería,SIN INFORMACION,ALTO DEL CARMEN,03302,HUASCO,033,374.704553432,6836.86254883
231,731,ATACAMA,03,Área propuesta acopio,AA-ATACAMA-46,RIO DEL CARMEN,"Levantamiento en terreno, Google Earth y Cartografía Geológica de Sernageomin",Servicio Nacional de Geología y Minería,SIN INFORMACION,ALTO DEL CARMEN,03302,HUASCO,033,304.453168239,5616.11962891
232,732,ATACAMA,03,Área propuesta acopio,AA-ATACAMA-47,RIO DEL CARMEN,"Levantamiento en terreno, Google Earth y Cartografía Geológica de Sernageomin",Servicio Nacional de Geología y Minería,SIN INFORMACION,ALTO DEL CARMEN,03302,HUASCO,033,581.511932085,12910.7165527
233,733,ATACAMA,03,Área propuesta acopio,AA-ATACAMA-53,RIO DEL CARMEN,"Levantamiento en terreno, Google Earth y Cartografía Geológica de Sernageomin",Servicio Nacional de Geología y Minería,SIN INFORMACION,ALTO DEL CARMEN,03302,HUASCO,033,402.938356166,4939.26757813
234,735,ATACAMA,03,Área propuesta campamento,AC-ATACAMA-38,LA VEGA,"Levantamiento en terreno, Google Earth y Cartografía Geológica de Sernageomin",Servicio Nacional de Geología y Minería,SIN INFORMACION,ALTO DEL CARMEN,03302,HUASCO,033,737.421062301,22347.505127
235,737,ATACAMA,03,Área propuesta evacuación,AE-ATACAMA-44,LA VEGA,"Levantamiento en terreno, Google Earth y Cartografía Geológica de Sernageomin",Servicio Nacional de Geología y Minería,SIN INFORMACION,ALTO DEL CARMEN,03302,HUASCO,033,120.553388764,941.912841797
236,739,ATACAMA,03,Área propuesta campamento,AC-ATACAMA-39,RIO DEL CARMEN,"Levantamiento en terreno, Google Earth y Cartografía Geológica de Sernageomin",Servicio Nacional de Geología y Minería,SIN INFORMACION,ALTO DEL CARMEN,03302,HUASCO,033,205.535433186,3086.41772461
237,741,ATACAMA,03,Área propuesta evacuación,AE-ATACAMA-45,RIO DEL CARMEN,"Levantamiento en terreno, Google Earth y Cartografía Geológica de Sernageomin",Servicio Nacional de Geología y Minería,SIN INFORMACION,ALTO DEL CARMEN,03302,HUASCO,033,103.927901379,683.145996094
238,743,ATACAMA,03,Área propuesta campamento,AC-ATACAMA-35,MARQUEZA,Área propuesta por Dirección de Obras Municipales de Alto del Carmen validada en terreno y modificada por Sernageomin. Límite Sur del campamento debe estar a más de 15m del pie de la ladera,Servicio Nacional de Geología y Minería,SIN INFORMACION,ALTO DEL CARMEN,03302,HUASCO,033,143.612669987,1270.34814453
239,745,ATACAMA,03,Área propuesta campamento,AC-ATACAMA-34,MARQUEZA,Área propuesta por Dirección de Obras Municipales de Alto del Carmen validada en terreno por Sernageomin.,Servicio Nacional de Geología y Minería,SIN INFORMACION,ALTO DEL CARMEN,03302,HUASCO,033,122.795622275,711.999511719
240,747,ATACAMA,03,Área propuesta evacuación,AE-ATACAMA-46,MARQUEZA,"Levantamiento en terreno, Google Earth y Cartografía Geológica de Sernageomin",Servicio Nacional de Geología y Minería,SIN INFORMACION,ALTO DEL CARMEN,03302,HUASCO,033,198.87756522,2254.46459961
241,749,ATACAMA,03,Área propuesta evacuación,AE-ATACAMA-48,EL OLIVO,"Levantamiento en terreno, Google Earth y Cartografía Geológica de Sernageomin",Servicio Nacional de Geología y Minería,SIN INFORMACION,ALTO DEL CARMEN,03302,HUASCO,033,157.357306793,1508.28808594
242,751,ATACAMA,03,Área propuesta evacuación,AE-ATACAMA-27,CHIGUINTO,"Levantamiento en terreno, Google Earth y Cartografía Geológica de Sernageomin",Servicio Nacional de Geología y Minería,SIN INFORMACION,ALTO DEL CARMEN,03302,HUASCO,033,164.981665545,1564.17236328
243,753,ATACAMA,03,Área propuesta campamento,AC-ATACAMA-40,CHIGUINTO,"Levantamiento en terreno, Google Earth y Cartografía Geológica de Sernageomin",Servicio Nacional de Geología y Minería,SIN INFORMACION,ALTO DEL CARMEN,03302,HUASCO,033,130.439417873,1149.84301758
244,755,ATACAMA,03,Área propuesta acopio,AA-ATACAMA-49,LAS PIRCAS,"Levantamiento en terreno, Google Earth y Cartografía Geológica de Sernageomin",Servicio Nacional de Geología y Minería,SIN INFORMACION,ALTO DEL CARMEN,03302,HUASCO,033,455.99137018,9329.19384766
245,757,ATACAMA,03,Área propuesta acopio,AA-ATACAMA-48,LAS PIRCAS,"Levantamiento en terreno, Google Earth y Cartografía Geológica de Sernageomin",Servicio Nacional de Geología y Minería,SIN INFORMACION,ALTO DEL CARMEN,03302,HUASCO,033,307.295357276,5184.66845703
246,759,ATACAMA,03,Área propuesta campamento,AC-ATACAMA-42,LAS PIRCAS,Levantamiento en terreno. Zona de campamento sujeta a construcción de obra de mitigación a 160m al Este (Muro contención ribera Oeste de la Qda. Las Pircas),Servicio Nacional de Geología y Minería,SIN INFORMACION,ALTO DEL CARMEN,03302,HUASCO,033,214.270872099,2778.0871582
247,761,ATACAMA,03,Área propuesta campamento,AC-ATACAMA-41,LAS PIRCAS,Levantamiento en terreno. Zona de campamento sujeta a construcción de obra de mitigación a 100m al Este (Muro contención ribera Oeste de la Qda. Las Pircas),Servicio Nacional de Geología y Minería,SIN INFORMACION,ALTO DEL CARMEN,03302,HUASCO,033,142.78338269,994.625976563
248,763,ATACAMA,03,Área propuesta campamento,AC-ATACAMA-36,LAS PIRCAS,Área propuesta por Dirección de Obras Municipales de Alto del Carmen validada en terreno por Sernageomin.,Servicio Nacional de Geología y Minería,SIN INFORMACION,ALTO DEL CARMEN,03302,HUASCO,033,123.74571207,933.545898438
249,765,ATACAMA,03,Área propuesta evacuación,AE-ATACAMA-47,LAS PIRCAS,"Levantamiento en terreno, Google Earth y Cartografía Geológica de Sernageomin",Servicio Nacional de Geología y Minería,SIN INFORMACION,ALTO DEL CARMEN,03302,HUASCO,033,295.753900706,3861.1574707
250,767,ATACAMA,03,Área propuesta campamento,AC-ATACAMA-43,PERALES,Levantamiento en terreno. Zona de campamento sujeta a construcción de obra de mitigación a 50m al Sur (Muro contención y obra de drenaje en ladera),Servicio Nacional de Geología y Minería,SIN INFORMACION,ALTO DEL CARMEN,03302,HUASCO,033,175.494231599,1398.0637207
251,769,ATACAMA,03,Área propuesta evacuación,AE-ATACAMA-50,PERALES,Levantamiento en terreno. Zona de evacuación sujeta a construcción de obra de mitigación a 50m al Este (Muro contención y obra de drenaje en ladera),Servicio Nacional de Geología y Minería,SIN INFORMACION,ALTO DEL CARMEN,03302,HUASCO,033,124.238157937,920.805908203
252,771,ATACAMA,03,Área propuesta acopio,AA-ATACAMA-52,EL TRÁNSITO,"Levantamiento en terreno, Google Earth y Cartografía Geológica de Sernageomin",Servicio Nacional de Geología y Minería,SIN INFORMACION,ALTO DEL CARMEN,03302,HUASCO,033,552.399233239,5426.88378906
253,773,ATACAMA,03,Área propuesta acopio,AA-ATACAMA-45,EL TRÁNSITO,"Levantamiento en terreno, Google Earth y Cartografía Geológica de Sernageomin",Servicio Nacional de Geología y Minería,SIN INFORMACION,ALTO DEL CARMEN,03302,HUASCO,033,164.063289727,1651.87329102
254,775,ATACAMA,03,Área propuesta acopio,AA-ATACAMA-51,EL TRÁNSITO,"Levantamiento en terreno, Google Earth y Cartografía Geológica de Sernageomin",Servicio Nacional de Geología y Minería,SIN INFORMACION,ALTO DEL CARMEN,03302,HUASCO,033,570.205919312,10047.3571777
255,777,ATACAMA,03,Área propuesta acopio,AA-ATACAMA-44,EL TRÁNSITO,"Levantamiento en terreno, Google Earth y Cartografía Geológica de Sernageomin",Servicio Nacional de Geología y Minería,SIN INFORMACION,ALTO DEL CARMEN,03302,HUASCO,033,193.793587276,2079.13256836
256,779,ATACAMA,03,Área propuesta campamento,AC-ATACAMA-44,EL TRÁNSITO,"Levantamiento en terreno, Google Earth y Cartografía Geológica de Sernageomin. Sujeta a medidas de mitigación para encauzar Río del Tránsito (Medida válida para las viviendas cercanas al cauce)",Servicio Nacional de Geología y Minería,SIN INFORMACION,ALTO DEL CARMEN,03302,HUASCO,033,456.799949949,12116.9086914
257,781,ATACAMA,03,Área propuesta campamento,AC-ATACAMA-33,EL TRÁNSITO,"Levantamiento en terreno, Google Earth y Cartografía Geológica de Sernageomin",Servicio Nacional de Geología y Minería,SIN INFORMACION,ALTO DEL CARMEN,03302,HUASCO,033,701.789993894,31735.1188965
258,783,ATACAMA,03,Área propuesta evacuación,AE-ATACAMA-41,EL TRÁNSITO,"Levantamiento en terreno, Google Earth y Cartografía Geológica de Sernageomin",Servicio Nacional de Geología y Minería,SIN INFORMACION,ALTO DEL CARMEN,03302,HUASCO,033,563.250821576,13795.4277344
